"CubeId";"auvezebq"
"PublishingDate";"2025-03-24 09:00"

"Date";"D0";"D1";"D2";"Value"
"2000-Q1";"N";"T";"LE1";"539652.94968875"
"2000-Q1";"N";"T";"LX";"36866.28928874"
"2000-Q1";"N";"T";"T";"23681.55456203"
"2000-Q1";"N";"T";"K";"13184.73472672"
"2000-Q1";"N";"T";"K7";
"2000-Q1";"N";"T";"K7A";
"2000-Q1";"N";"T";"K7B";
"2000-Q1";"N";"T";"KA";
"2000-Q1";"N";"T";"LE";"576580.38897754"
"2000-Q1";"A";"T";"LE1";"1948554.05258369"
"2000-Q1";"A";"T";"LX";"191422.76587018"
"2000-Q1";"A";"T";"T";
"2000-Q1";"A";"T";"K";
"2000-Q1";"A";"T";"K7";
"2000-Q1";"A";"T";"K7A";
"2000-Q1";"A";"T";"K7B";
"2000-Q1";"A";"T";"KA";
"2000-Q1";"A";"T";"LE";"2139976.81845391"
"2000-Q1";"P";"T";"LE1";"1408901.10289494"
"2000-Q1";"P";"T";"LX";"154556.47658143"
"2000-Q1";"P";"T";"T";
"2000-Q1";"P";"T";"K";
"2000-Q1";"P";"T";"K7";
"2000-Q1";"P";"T";"K7A";
"2000-Q1";"P";"T";"K7B";
"2000-Q1";"P";"T";"KA";
"2000-Q1";"P";"T";"LE";"1563396.42947638"
"2000-Q2";"N";"T";"LE1";"576580.38897754"
"2000-Q2";"N";"T";"LX";"-1627.47416234"
"2000-Q2";"N";"T";"T";"18296.76274364"
"2000-Q2";"N";"T";"K";"-19924.23690597"
"2000-Q2";"N";"T";"K7";
"2000-Q2";"N";"T";"K7A";
"2000-Q2";"N";"T";"K7B";
"2000-Q2";"N";"T";"KA";
"2000-Q2";"N";"T";"LE";"574952.91481516"
"2000-Q2";"A";"T";"LE1";"2139976.81845391"
"2000-Q2";"A";"T";"LX";"-55287.23062689"
"2000-Q2";"A";"T";"T";
"2000-Q2";"A";"T";"K";
"2000-Q2";"A";"T";"K7";
"2000-Q2";"A";"T";"K7A";
"2000-Q2";"A";"T";"K7B";
"2000-Q2";"A";"T";"KA";
"2000-Q2";"A";"T";"LE";"2084689.58782698"
"2000-Q2";"P";"T";"LE1";"1563396.42947638"
"2000-Q2";"P";"T";"LX";"-53659.75646455"
"2000-Q2";"P";"T";"T";
"2000-Q2";"P";"T";"K";
"2000-Q2";"P";"T";"K7";
"2000-Q2";"P";"T";"K7A";
"2000-Q2";"P";"T";"K7B";
"2000-Q2";"P";"T";"KA";
"2000-Q2";"P";"T";"LE";"1509736.67301182"
"2000-Q3";"N";"T";"LE1";"574952.91481516"
"2000-Q3";"N";"T";"LX";"7000.48304246"
"2000-Q3";"N";"T";"T";"6273.5811585"
"2000-Q3";"N";"T";"K";"726.90188396"
"2000-Q3";"N";"T";"K7";
"2000-Q3";"N";"T";"K7A";
"2000-Q3";"N";"T";"K7B";
"2000-Q3";"N";"T";"KA";
"2000-Q3";"N";"T";"LE";"581953.69785662"
"2000-Q3";"A";"T";"LE1";"2084689.58782698"
"2000-Q3";"A";"T";"LX";"122001.8822619"
"2000-Q3";"A";"T";"T";
"2000-Q3";"A";"T";"K";
"2000-Q3";"A";"T";"K7";
"2000-Q3";"A";"T";"K7A";
"2000-Q3";"A";"T";"K7B";
"2000-Q3";"A";"T";"KA";
"2000-Q3";"A";"T";"LE";"2206691.67008889"
"2000-Q3";"P";"T";"LE1";"1509736.67301182"
"2000-Q3";"P";"T";"LX";"115001.39921945"
"2000-Q3";"P";"T";"T";
"2000-Q3";"P";"T";"K";
"2000-Q3";"P";"T";"K7";
"2000-Q3";"P";"T";"K7A";
"2000-Q3";"P";"T";"K7B";
"2000-Q3";"P";"T";"KA";
"2000-Q3";"P";"T";"LE";"1624737.97223227"
"2000-Q4";"N";"T";"LE1";"581953.69785662"
"2000-Q4";"N";"T";"LX";"-77211.24461048"
"2000-Q4";"N";"T";"T";"29581.73994683"
"2000-Q4";"N";"T";"K";"-106792.98455731"
"2000-Q4";"N";"T";"K7";
"2000-Q4";"N";"T";"K7A";
"2000-Q4";"N";"T";"K7B";
"2000-Q4";"N";"T";"KA";
"2000-Q4";"N";"T";"LE";"504742.49324615"
"2000-Q4";"A";"T";"LE1";"2206691.67008889"
"2000-Q4";"A";"T";"LX";"14299.38962997"
"2000-Q4";"A";"T";"T";
"2000-Q4";"A";"T";"K";
"2000-Q4";"A";"T";"K7";
"2000-Q4";"A";"T";"K7A";
"2000-Q4";"A";"T";"K7B";
"2000-Q4";"A";"T";"KA";
"2000-Q4";"A";"T";"LE";"2220990.68971786"
"2000-Q4";"P";"T";"LE1";"1624737.97223227"
"2000-Q4";"P";"T";"LX";"91510.63424045"
"2000-Q4";"P";"T";"T";
"2000-Q4";"P";"T";"K";
"2000-Q4";"P";"T";"K7";
"2000-Q4";"P";"T";"K7A";
"2000-Q4";"P";"T";"K7B";
"2000-Q4";"P";"T";"KA";
"2000-Q4";"P";"T";"LE";"1716248.19647171"
"2001-Q1";"N";"T";"LE1";"504742.49324615"
"2001-Q1";"N";"T";"LX";"46328.37233481"
"2001-Q1";"N";"T";"T";"9983.31782126"
"2001-Q1";"N";"T";"K";"36345.05451355"
"2001-Q1";"N";"T";"K7";
"2001-Q1";"N";"T";"K7A";
"2001-Q1";"N";"T";"K7B";
"2001-Q1";"N";"T";"KA";
"2001-Q1";"N";"T";"LE";"551070.47558195"
"2001-Q1";"A";"T";"LE1";"2220990.68971786"
"2001-Q1";"A";"T";"LX";"70513.1550992"
"2001-Q1";"A";"T";"T";
"2001-Q1";"A";"T";"K";
"2001-Q1";"A";"T";"K7";
"2001-Q1";"A";"T";"K7A";
"2001-Q1";"A";"T";"K7B";
"2001-Q1";"A";"T";"KA";
"2001-Q1";"A";"T";"LE";"2291503.89481805"
"2001-Q1";"P";"T";"LE1";"1716248.19647171"
"2001-Q1";"P";"T";"LX";"24184.7827644"
"2001-Q1";"P";"T";"T";
"2001-Q1";"P";"T";"K";
"2001-Q1";"P";"T";"K7";
"2001-Q1";"P";"T";"K7A";
"2001-Q1";"P";"T";"K7B";
"2001-Q1";"P";"T";"KA";
"2001-Q1";"P";"T";"LE";"1740433.41923611"
"2001-Q2";"N";"T";"LE1";"551070.47558195"
"2001-Q2";"N";"T";"LX";"46143.68163264"
"2001-Q2";"N";"T";"T";"32677.45612539"
"2001-Q2";"N";"T";"K";"13466.22550725"
"2001-Q2";"N";"T";"K7";
"2001-Q2";"N";"T";"K7A";
"2001-Q2";"N";"T";"K7B";
"2001-Q2";"N";"T";"KA";
"2001-Q2";"N";"T";"LE";"597214.28721458"
"2001-Q2";"A";"T";"LE1";"2291503.89481805"
"2001-Q2";"A";"T";"LX";"49748.44230503"
"2001-Q2";"A";"T";"T";
"2001-Q2";"A";"T";"K";
"2001-Q2";"A";"T";"K7";
"2001-Q2";"A";"T";"K7A";
"2001-Q2";"A";"T";"K7B";
"2001-Q2";"A";"T";"KA";
"2001-Q2";"A";"T";"LE";"2341252.53712308"
"2001-Q2";"P";"T";"LE1";"1740433.41923611"
"2001-Q2";"P";"T";"LX";"3604.7606724"
"2001-Q2";"P";"T";"T";
"2001-Q2";"P";"T";"K";
"2001-Q2";"P";"T";"K7";
"2001-Q2";"P";"T";"K7A";
"2001-Q2";"P";"T";"K7B";
"2001-Q2";"P";"T";"KA";
"2001-Q2";"P";"T";"LE";"1744038.2499085"
"2001-Q3";"N";"T";"LE1";"597214.28721458"
"2001-Q3";"N";"T";"LX";"-27578.18392219"
"2001-Q3";"N";"T";"T";"9994.64957101"
"2001-Q3";"N";"T";"K";"-37572.83349319"
"2001-Q3";"N";"T";"K7";
"2001-Q3";"N";"T";"K7A";
"2001-Q3";"N";"T";"K7B";
"2001-Q3";"N";"T";"KA";
"2001-Q3";"N";"T";"LE";"569635.5932924"
"2001-Q3";"A";"T";"LE1";"2341252.53712308"
"2001-Q3";"A";"T";"LX";"-238966.07478579"
"2001-Q3";"A";"T";"T";
"2001-Q3";"A";"T";"K";
"2001-Q3";"A";"T";"K7";
"2001-Q3";"A";"T";"K7A";
"2001-Q3";"A";"T";"K7B";
"2001-Q3";"A";"T";"KA";
"2001-Q3";"A";"T";"LE";"2102285.93233729"
"2001-Q3";"P";"T";"LE1";"1744038.2499085"
"2001-Q3";"P";"T";"LX";"-211387.89086361"
"2001-Q3";"P";"T";"T";
"2001-Q3";"P";"T";"K";
"2001-Q3";"P";"T";"K7";
"2001-Q3";"P";"T";"K7A";
"2001-Q3";"P";"T";"K7B";
"2001-Q3";"P";"T";"KA";
"2001-Q3";"P";"T";"LE";"1532650.3390449"
"2001-Q4";"N";"T";"LE1";"569635.5932924"
"2001-Q4";"N";"T";"LX";"17180.05629656"
"2001-Q4";"N";"T";"T";"17423.02107152"
"2001-Q4";"N";"T";"K";"-242.96477495"
"2001-Q4";"N";"T";"K7";
"2001-Q4";"N";"T";"K7A";
"2001-Q4";"N";"T";"K7B";
"2001-Q4";"N";"T";"KA";
"2001-Q4";"N";"T";"LE";"586815.91958996"
"2001-Q4";"A";"T";"LE1";"2102285.93233729"
"2001-Q4";"A";"T";"LX";"117080.83148196"
"2001-Q4";"A";"T";"T";
"2001-Q4";"A";"T";"K";
"2001-Q4";"A";"T";"K7";
"2001-Q4";"A";"T";"K7A";
"2001-Q4";"A";"T";"K7B";
"2001-Q4";"A";"T";"KA";
"2001-Q4";"A";"T";"LE";"2219367.14381925"
"2001-Q4";"P";"T";"LE1";"1532650.3390449"
"2001-Q4";"P";"T";"LX";"99900.7751854"
"2001-Q4";"P";"T";"T";
"2001-Q4";"P";"T";"K";
"2001-Q4";"P";"T";"K7";
"2001-Q4";"P";"T";"K7A";
"2001-Q4";"P";"T";"K7B";
"2001-Q4";"P";"T";"KA";
"2001-Q4";"P";"T";"LE";"1632551.22422929"
"2002-Q1";"N";"T";"LE1";"586815.91958996"
"2002-Q1";"N";"T";"LX";"-7091.37707144"
"2002-Q1";"N";"T";"T";"4931.93781117"
"2002-Q1";"N";"T";"K";"-12023.21488262"
"2002-Q1";"N";"T";"K7";
"2002-Q1";"N";"T";"K7A";
"2002-Q1";"N";"T";"K7B";
"2002-Q1";"N";"T";"KA";
"2002-Q1";"N";"T";"LE";"579724.80251752"
"2002-Q1";"A";"T";"LE1";"2219367.14381925"
"2002-Q1";"A";"T";"LX";"60709.69480043"
"2002-Q1";"A";"T";"T";
"2002-Q1";"A";"T";"K";
"2002-Q1";"A";"T";"K7";
"2002-Q1";"A";"T";"K7A";
"2002-Q1";"A";"T";"K7B";
"2002-Q1";"A";"T";"KA";
"2002-Q1";"A";"T";"LE";"2280076.90861968"
"2002-Q1";"P";"T";"LE1";"1632551.22422929"
"2002-Q1";"P";"T";"LX";"67801.07187187"
"2002-Q1";"P";"T";"T";
"2002-Q1";"P";"T";"K";
"2002-Q1";"P";"T";"K7";
"2002-Q1";"P";"T";"K7A";
"2002-Q1";"P";"T";"K7B";
"2002-Q1";"P";"T";"KA";
"2002-Q1";"P";"T";"LE";"1700352.10610217"
"2002-Q2";"N";"T";"LE1";"579724.80251752"
"2002-Q2";"N";"T";"LX";"-43638.6092003"
"2002-Q2";"N";"T";"T";"28182.83569664"
"2002-Q2";"N";"T";"K";"-71820.64489694"
"2002-Q2";"N";"T";"K7";
"2002-Q2";"N";"T";"K7A";
"2002-Q2";"N";"T";"K7B";
"2002-Q2";"N";"T";"KA";
"2002-Q2";"N";"T";"LE";"536085.79331722"
"2002-Q2";"A";"T";"LE1";"2280076.90861968"
"2002-Q2";"A";"T";"LX";"-124625.78694343"
"2002-Q2";"A";"T";"T";
"2002-Q2";"A";"T";"K";
"2002-Q2";"A";"T";"K7";
"2002-Q2";"A";"T";"K7A";
"2002-Q2";"A";"T";"K7B";
"2002-Q2";"A";"T";"KA";
"2002-Q2";"A";"T";"LE";"2155451.22167626"
"2002-Q2";"P";"T";"LE1";"1700352.10610217"
"2002-Q2";"P";"T";"LX";"-80987.17774313"
"2002-Q2";"P";"T";"T";
"2002-Q2";"P";"T";"K";
"2002-Q2";"P";"T";"K7";
"2002-Q2";"P";"T";"K7A";
"2002-Q2";"P";"T";"K7B";
"2002-Q2";"P";"T";"KA";
"2002-Q2";"P";"T";"LE";"1619365.42835904"
"2002-Q3";"N";"T";"LE1";"536085.79331722"
"2002-Q3";"N";"T";"LX";"36027.75217808"
"2002-Q3";"N";"T";"T";"4065.7397696"
"2002-Q3";"N";"T";"K";"31961.61240848"
"2002-Q3";"N";"T";"K7";
"2002-Q3";"N";"T";"K7A";
"2002-Q3";"N";"T";"K7B";
"2002-Q3";"N";"T";"KA";
"2002-Q3";"N";"T";"LE";"572114.6454953"
"2002-Q3";"A";"T";"LE1";"2155451.22167626"
"2002-Q3";"A";"T";"LX";"-70577.46176505"
"2002-Q3";"A";"T";"T";
"2002-Q3";"A";"T";"K";
"2002-Q3";"A";"T";"K7";
"2002-Q3";"A";"T";"K7A";
"2002-Q3";"A";"T";"K7B";
"2002-Q3";"A";"T";"KA";
"2002-Q3";"A";"T";"LE";"2084873.95991121"
"2002-Q3";"P";"T";"LE1";"1619365.42835904"
"2002-Q3";"P";"T";"LX";"-106605.21394313"
"2002-Q3";"P";"T";"T";
"2002-Q3";"P";"T";"K";
"2002-Q3";"P";"T";"K7";
"2002-Q3";"P";"T";"K7A";
"2002-Q3";"P";"T";"K7B";
"2002-Q3";"P";"T";"KA";
"2002-Q3";"P";"T";"LE";"1512759.31441591"
"2002-Q4";"N";"T";"LE1";"572114.6454953"
"2002-Q4";"N";"T";"LX";"410.91826027"
"2002-Q4";"N";"T";"T";"19059.9315805"
"2002-Q4";"N";"T";"K";"-18648.91332023"
"2002-Q4";"N";"T";"K7";
"2002-Q4";"N";"T";"K7A";
"2002-Q4";"N";"T";"K7B";
"2002-Q4";"N";"T";"KA";
"2002-Q4";"N";"T";"LE";"572524.76375557"
"2002-Q4";"A";"T";"LE1";"2084873.95991121"
"2002-Q4";"A";"T";"LX";"30555.47651714"
"2002-Q4";"A";"T";"T";
"2002-Q4";"A";"T";"K";
"2002-Q4";"A";"T";"K7";
"2002-Q4";"A";"T";"K7A";
"2002-Q4";"A";"T";"K7B";
"2002-Q4";"A";"T";"KA";
"2002-Q4";"A";"T";"LE";"2115429.03642835"
"2002-Q4";"P";"T";"LE1";"1512759.31441591"
"2002-Q4";"P";"T";"LX";"30144.55825687"
"2002-Q4";"P";"T";"T";
"2002-Q4";"P";"T";"K";
"2002-Q4";"P";"T";"K7";
"2002-Q4";"P";"T";"K7A";
"2002-Q4";"P";"T";"K7B";
"2002-Q4";"P";"T";"KA";
"2002-Q4";"P";"T";"LE";"1542904.27267278"
"2003-Q1";"N";"T";"LE1";"572524.76375557"
"2003-Q1";"N";"T";"LX";"60075.3769284"
"2003-Q1";"N";"T";"T";"24075.818129"
"2003-Q1";"N";"T";"K";"35999.0587994"
"2003-Q1";"N";"T";"K7";
"2003-Q1";"N";"T";"K7A";
"2003-Q1";"N";"T";"K7B";
"2003-Q1";"N";"T";"KA";
"2003-Q1";"N";"T";"LE";"632600.04068397"
"2003-Q1";"A";"T";"LE1";"2115429.03642835"
"2003-Q1";"A";"T";"LX";"473.83106013"
"2003-Q1";"A";"T";"T";
"2003-Q1";"A";"T";"K";
"2003-Q1";"A";"T";"K7";
"2003-Q1";"A";"T";"K7A";
"2003-Q1";"A";"T";"K7B";
"2003-Q1";"A";"T";"KA";
"2003-Q1";"A";"T";"LE";"2115903.36748848"
"2003-Q1";"P";"T";"LE1";"1542904.27267278"
"2003-Q1";"P";"T";"LX";"-59601.54586827"
"2003-Q1";"P";"T";"T";
"2003-Q1";"P";"T";"K";
"2003-Q1";"P";"T";"K7";
"2003-Q1";"P";"T";"K7A";
"2003-Q1";"P";"T";"K7B";
"2003-Q1";"P";"T";"KA";
"2003-Q1";"P";"T";"LE";"1483303.32680451"
"2003-Q2";"N";"T";"LE1";"632600.04068397"
"2003-Q2";"N";"T";"LX";"8275.58445059"
"2003-Q2";"N";"T";"T";"13307.41872749"
"2003-Q2";"N";"T";"K";"-5031.4342769"
"2003-Q2";"N";"T";"K7";
"2003-Q2";"N";"T";"K7A";
"2003-Q2";"N";"T";"K7B";
"2003-Q2";"N";"T";"KA";
"2003-Q2";"N";"T";"LE";"640874.82513456"
"2003-Q2";"A";"T";"LE1";"2115903.36748848"
"2003-Q2";"A";"T";"LX";"103933.56148232"
"2003-Q2";"A";"T";"T";
"2003-Q2";"A";"T";"K";
"2003-Q2";"A";"T";"K7";
"2003-Q2";"A";"T";"K7A";
"2003-Q2";"A";"T";"K7B";
"2003-Q2";"A";"T";"KA";
"2003-Q2";"A";"T";"LE";"2219836.22897081"
"2003-Q2";"P";"T";"LE1";"1483303.32680451"
"2003-Q2";"P";"T";"LX";"95657.97703173"
"2003-Q2";"P";"T";"T";
"2003-Q2";"P";"T";"K";
"2003-Q2";"P";"T";"K7";
"2003-Q2";"P";"T";"K7A";
"2003-Q2";"P";"T";"K7B";
"2003-Q2";"P";"T";"KA";
"2003-Q2";"P";"T";"LE";"1578961.40383624"
"2003-Q3";"N";"T";"LE1";"640874.82513456"
"2003-Q3";"N";"T";"LX";"-39160.50641264"
"2003-Q3";"N";"T";"T";"3191.9652064"
"2003-Q3";"N";"T";"K";"-42352.17161904"
"2003-Q3";"N";"T";"K7";
"2003-Q3";"N";"T";"K7A";
"2003-Q3";"N";"T";"K7B";
"2003-Q3";"N";"T";"KA";
"2003-Q3";"N";"T";"LE";"601715.31872193"
"2003-Q3";"A";"T";"LE1";"2219836.22897081"
"2003-Q3";"A";"T";"LX";"-22189.17110256"
"2003-Q3";"A";"T";"T";
"2003-Q3";"A";"T";"K";
"2003-Q3";"A";"T";"K7";
"2003-Q3";"A";"T";"K7A";
"2003-Q3";"A";"T";"K7B";
"2003-Q3";"A";"T";"KA";
"2003-Q3";"A";"T";"LE";"2197647.45786824"
"2003-Q3";"P";"T";"LE1";"1578961.40383624"
"2003-Q3";"P";"T";"LX";"16971.33531007"
"2003-Q3";"P";"T";"T";
"2003-Q3";"P";"T";"K";
"2003-Q3";"P";"T";"K7";
"2003-Q3";"P";"T";"K7A";
"2003-Q3";"P";"T";"K7B";
"2003-Q3";"P";"T";"KA";
"2003-Q3";"P";"T";"LE";"1595932.13914632"
"2003-Q4";"N";"T";"LE1";"601715.31872193"
"2003-Q4";"N";"T";"LX";"-47201.83503606"
"2003-Q4";"N";"T";"T";"643.04798215"
"2003-Q4";"N";"T";"K";"-47844.78301821"
"2003-Q4";"N";"T";"K7";
"2003-Q4";"N";"T";"K7A";
"2003-Q4";"N";"T";"K7B";
"2003-Q4";"N";"T";"KA";
"2003-Q4";"N";"T";"LE";"554513.18368587"
"2003-Q4";"A";"T";"LE1";"2197647.45786824"
"2003-Q4";"A";"T";"LX";"6845.62061733"
"2003-Q4";"A";"T";"T";
"2003-Q4";"A";"T";"K";
"2003-Q4";"A";"T";"K7";
"2003-Q4";"A";"T";"K7A";
"2003-Q4";"A";"T";"K7B";
"2003-Q4";"A";"T";"KA";
"2003-Q4";"A";"T";"LE";"2204493.17848557"
"2003-Q4";"P";"T";"LE1";"1595932.13914632"
"2003-Q4";"P";"T";"LX";"54047.45565339"
"2003-Q4";"P";"T";"T";
"2003-Q4";"P";"T";"K";
"2003-Q4";"P";"T";"K7";
"2003-Q4";"P";"T";"K7A";
"2003-Q4";"P";"T";"K7B";
"2003-Q4";"P";"T";"KA";
"2003-Q4";"P";"T";"LE";"1649979.99479971"
"2004-Q1";"N";"T";"LE1";"554513.18368587"
"2004-Q1";"N";"T";"LX";"5947.75938043"
"2004-Q1";"N";"T";"T";"10810.98753151"
"2004-Q1";"N";"T";"K";"-4862.82815108"
"2004-Q1";"N";"T";"K7";
"2004-Q1";"N";"T";"K7A";
"2004-Q1";"N";"T";"K7B";
"2004-Q1";"N";"T";"KA";
"2004-Q1";"N";"T";"LE";"560460.24306629"
"2004-Q1";"A";"T";"LE1";"2204493.17848557"
"2004-Q1";"A";"T";"LX";"127814.40046985"
"2004-Q1";"A";"T";"T";
"2004-Q1";"A";"T";"K";
"2004-Q1";"A";"T";"K7";
"2004-Q1";"A";"T";"K7A";
"2004-Q1";"A";"T";"K7B";
"2004-Q1";"A";"T";"KA";
"2004-Q1";"A";"T";"LE";"2332306.67895542"
"2004-Q1";"P";"T";"LE1";"1649979.99479971"
"2004-Q1";"P";"T";"LX";"121866.64108942"
"2004-Q1";"P";"T";"T";
"2004-Q1";"P";"T";"K";
"2004-Q1";"P";"T";"K7";
"2004-Q1";"P";"T";"K7A";
"2004-Q1";"P";"T";"K7B";
"2004-Q1";"P";"T";"KA";
"2004-Q1";"P";"T";"LE";"1771846.43588913"
"2004-Q2";"N";"T";"LE1";"560460.24306629"
"2004-Q2";"N";"T";"LX";"-14318.52337837"
"2004-Q2";"N";"T";"T";"26334.70088642"
"2004-Q2";"N";"T";"K";"-40652.32426479"
"2004-Q2";"N";"T";"K7";
"2004-Q2";"N";"T";"K7A";
"2004-Q2";"N";"T";"K7B";
"2004-Q2";"N";"T";"KA";
"2004-Q2";"N";"T";"LE";"546142.31968793"
"2004-Q2";"A";"T";"LE1";"2332306.67895542"
"2004-Q2";"A";"T";"LX";"-37.46571616"
"2004-Q2";"A";"T";"T";
"2004-Q2";"A";"T";"K";
"2004-Q2";"A";"T";"K7";
"2004-Q2";"A";"T";"K7A";
"2004-Q2";"A";"T";"K7B";
"2004-Q2";"A";"T";"KA";
"2004-Q2";"A";"T";"LE";"2332269.41323927"
"2004-Q2";"P";"T";"LE1";"1771846.43588913"
"2004-Q2";"P";"T";"LX";"14281.05766221"
"2004-Q2";"P";"T";"T";
"2004-Q2";"P";"T";"K";
"2004-Q2";"P";"T";"K7";
"2004-Q2";"P";"T";"K7A";
"2004-Q2";"P";"T";"K7B";
"2004-Q2";"P";"T";"KA";
"2004-Q2";"P";"T";"LE";"1786127.09355134"
"2004-Q3";"N";"T";"LE1";"546142.31968793"
"2004-Q3";"N";"T";"LX";"30537.37363625"
"2004-Q3";"N";"T";"T";"24636.34478416"
"2004-Q3";"N";"T";"K";"5900.92885209"
"2004-Q3";"N";"T";"K7";
"2004-Q3";"N";"T";"K7A";
"2004-Q3";"N";"T";"K7B";
"2004-Q3";"N";"T";"KA";
"2004-Q3";"N";"T";"LE";"576679.79332418"
"2004-Q3";"A";"T";"LE1";"2332269.41323927"
"2004-Q3";"A";"T";"LX";"-13178.42874712"
"2004-Q3";"A";"T";"T";
"2004-Q3";"A";"T";"K";
"2004-Q3";"A";"T";"K7";
"2004-Q3";"A";"T";"K7A";
"2004-Q3";"A";"T";"K7B";
"2004-Q3";"A";"T";"KA";
"2004-Q3";"A";"T";"LE";"2319091.38449215"
"2004-Q3";"P";"T";"LE1";"1786127.09355134"
"2004-Q3";"P";"T";"LX";"-43715.80238337"
"2004-Q3";"P";"T";"T";
"2004-Q3";"P";"T";"K";
"2004-Q3";"P";"T";"K7";
"2004-Q3";"P";"T";"K7A";
"2004-Q3";"P";"T";"K7B";
"2004-Q3";"P";"T";"KA";
"2004-Q3";"P";"T";"LE";"1742411.59116797"
"2004-Q4";"N";"T";"LE1";"576679.79332418"
"2004-Q4";"N";"T";"LX";"-17915.94736013"
"2004-Q4";"N";"T";"T";"28733.50446456"
"2004-Q4";"N";"T";"K";"-46649.75182468"
"2004-Q4";"N";"T";"K7";
"2004-Q4";"N";"T";"K7A";
"2004-Q4";"N";"T";"K7B";
"2004-Q4";"N";"T";"KA";
"2004-Q4";"N";"T";"LE";"558763.24596405"
"2004-Q4";"A";"T";"LE1";"2319091.38449215"
"2004-Q4";"A";"T";"LX";"-3132.45317071"
"2004-Q4";"A";"T";"T";
"2004-Q4";"A";"T";"K";
"2004-Q4";"A";"T";"K7";
"2004-Q4";"A";"T";"K7A";
"2004-Q4";"A";"T";"K7B";
"2004-Q4";"A";"T";"KA";
"2004-Q4";"A";"T";"LE";"2315958.63132144"
"2004-Q4";"P";"T";"LE1";"1742411.59116797"
"2004-Q4";"P";"T";"LX";"14783.49418942"
"2004-Q4";"P";"T";"T";
"2004-Q4";"P";"T";"K";
"2004-Q4";"P";"T";"K7";
"2004-Q4";"P";"T";"K7A";
"2004-Q4";"P";"T";"K7B";
"2004-Q4";"P";"T";"KA";
"2004-Q4";"P";"T";"LE";"1757195.38535739"
"2005-Q1";"N";"T";"LE1";"558763.24596405"
"2005-Q1";"N";"T";"LX";"31920.20776751"
"2005-Q1";"N";"T";"T";"21026.90661377"
"2005-Q1";"N";"T";"K";"10892.99215374"
"2005-Q1";"N";"T";"K7";
"2005-Q1";"N";"T";"K7A";
"2005-Q1";"N";"T";"K7B";
"2005-Q1";"N";"T";"KA";
"2005-Q1";"N";"T";"LE";"590684.25973156"
"2005-Q1";"A";"T";"LE1";"2315958.63132144"
"2005-Q1";"A";"T";"LX";"110786.85429118"
"2005-Q1";"A";"T";"T";
"2005-Q1";"A";"T";"K";
"2005-Q1";"A";"T";"K7";
"2005-Q1";"A";"T";"K7A";
"2005-Q1";"A";"T";"K7B";
"2005-Q1";"A";"T";"KA";
"2005-Q1";"A";"T";"LE";"2426745.88361262"
"2005-Q1";"P";"T";"LE1";"1757195.38535739"
"2005-Q1";"P";"T";"LX";"78866.64652366"
"2005-Q1";"P";"T";"T";
"2005-Q1";"P";"T";"K";
"2005-Q1";"P";"T";"K7";
"2005-Q1";"P";"T";"K7A";
"2005-Q1";"P";"T";"K7B";
"2005-Q1";"P";"T";"KA";
"2005-Q1";"P";"T";"LE";"1836061.62388105"
"2005-Q2";"N";"T";"LE1";"590684.25973156"
"2005-Q2";"N";"T";"LX";"2160.79213445"
"2005-Q2";"N";"T";"T";"9224.8800818"
"2005-Q2";"N";"T";"K";"-7064.78794735"
"2005-Q2";"N";"T";"K7";
"2005-Q2";"N";"T";"K7A";
"2005-Q2";"N";"T";"K7B";
"2005-Q2";"N";"T";"KA";
"2005-Q2";"N";"T";"LE";"592845.24082705"
"2005-Q2";"A";"T";"LE1";"2426745.88361262"
"2005-Q2";"A";"T";"LX";"181325.41865811"
"2005-Q2";"A";"T";"T";
"2005-Q2";"A";"T";"K";
"2005-Q2";"A";"T";"K7";
"2005-Q2";"A";"T";"K7A";
"2005-Q2";"A";"T";"K7B";
"2005-Q2";"A";"T";"KA";
"2005-Q2";"A";"T";"LE";"2608071.19623177"
"2005-Q2";"P";"T";"LE1";"1836061.62388105"
"2005-Q2";"P";"T";"LX";"179164.62652366"
"2005-Q2";"P";"T";"T";
"2005-Q2";"P";"T";"K";
"2005-Q2";"P";"T";"K7";
"2005-Q2";"P";"T";"K7A";
"2005-Q2";"P";"T";"K7B";
"2005-Q2";"P";"T";"KA";
"2005-Q2";"P";"T";"LE";"2015225.95540471"
"2005-Q3";"N";"T";"LE1";"592845.24082705"
"2005-Q3";"N";"T";"LX";"7784.49317912"
"2005-Q3";"N";"T";"T";"22795.19822882"
"2005-Q3";"N";"T";"K";"-15010.3050497"
"2005-Q3";"N";"T";"K7";
"2005-Q3";"N";"T";"K7A";
"2005-Q3";"N";"T";"K7B";
"2005-Q3";"N";"T";"KA";
"2005-Q3";"N";"T";"LE";"600629.21804513"
"2005-Q3";"A";"T";"LE1";"2608071.19623177"
"2005-Q3";"A";"T";"LX";"136375.91970278"
"2005-Q3";"A";"T";"T";
"2005-Q3";"A";"T";"K";
"2005-Q3";"A";"T";"K7";
"2005-Q3";"A";"T";"K7A";
"2005-Q3";"A";"T";"K7B";
"2005-Q3";"A";"T";"KA";
"2005-Q3";"A";"T";"LE";"2744447.50797351"
"2005-Q3";"P";"T";"LE1";"2015225.95540471"
"2005-Q3";"P";"T";"LX";"128591.42652366"
"2005-Q3";"P";"T";"T";
"2005-Q3";"P";"T";"K";
"2005-Q3";"P";"T";"K7";
"2005-Q3";"P";"T";"K7A";
"2005-Q3";"P";"T";"K7B";
"2005-Q3";"P";"T";"KA";
"2005-Q3";"P";"T";"LE";"2143818.28992838"
"2005-Q4";"N";"T";"LE1";"600629.21804513"
"2005-Q4";"N";"T";"LX";"1843.64149708"
"2005-Q4";"N";"T";"T";"45609.31442862"
"2005-Q4";"N";"T";"K";"-43765.87293154"
"2005-Q4";"N";"T";"K7";
"2005-Q4";"N";"T";"K7A";
"2005-Q4";"N";"T";"K7B";
"2005-Q4";"N";"T";"KA";
"2005-Q4";"N";"T";"LE";"602472.97054221"
"2005-Q4";"A";"T";"LE1";"2744447.50797351"
"2005-Q4";"A";"T";"LX";"55253.59375291"
"2005-Q4";"A";"T";"T";
"2005-Q4";"A";"T";"K";
"2005-Q4";"A";"T";"K7";
"2005-Q4";"A";"T";"K7A";
"2005-Q4";"A";"T";"K7B";
"2005-Q4";"A";"T";"KA";
"2005-Q4";"A";"T";"LE";"2799700.91772642"
"2005-Q4";"P";"T";"LE1";"2143818.28992838"
"2005-Q4";"P";"T";"LX";"53409.95225583"
"2005-Q4";"P";"T";"T";
"2005-Q4";"P";"T";"K";
"2005-Q4";"P";"T";"K7";
"2005-Q4";"P";"T";"K7A";
"2005-Q4";"P";"T";"K7B";
"2005-Q4";"P";"T";"KA";
"2005-Q4";"P";"T";"LE";"2197227.94718421"
"2006-Q1";"N";"T";"LE1";"602472.97054221"
"2006-Q1";"N";"T";"LX";"60411.10375954"
"2006-Q1";"N";"T";"T";"12221.14449752"
"2006-Q1";"N";"T";"K";"48190.25926202"
"2006-Q1";"N";"T";"K7";
"2006-Q1";"N";"T";"K7A";
"2006-Q1";"N";"T";"K7B";
"2006-Q1";"N";"T";"KA";
"2006-Q1";"N";"T";"LE";"662884.98630175"
"2006-Q1";"A";"T";"LE1";"2799700.91772642"
"2006-Q1";"A";"T";"LX";"224884.59439596"
"2006-Q1";"A";"T";"T";
"2006-Q1";"A";"T";"K";
"2006-Q1";"A";"T";"K7";
"2006-Q1";"A";"T";"K7A";
"2006-Q1";"A";"T";"K7B";
"2006-Q1";"A";"T";"KA";
"2006-Q1";"A";"T";"LE";"3024585.60712238"
"2006-Q1";"P";"T";"LE1";"2197227.94718421"
"2006-Q1";"P";"T";"LX";"164473.49063642"
"2006-Q1";"P";"T";"T";
"2006-Q1";"P";"T";"K";
"2006-Q1";"P";"T";"K7";
"2006-Q1";"P";"T";"K7A";
"2006-Q1";"P";"T";"K7B";
"2006-Q1";"P";"T";"KA";
"2006-Q1";"P";"T";"LE";"2361700.62082063"
"2006-Q2";"N";"T";"LE1";"662884.98630175"
"2006-Q2";"N";"T";"LX";"17450.75405676"
"2006-Q2";"N";"T";"T";"17966.63952794"
"2006-Q2";"N";"T";"K";"-515.88547118"
"2006-Q2";"N";"T";"K7";
"2006-Q2";"N";"T";"K7A";
"2006-Q2";"N";"T";"K7B";
"2006-Q2";"N";"T";"KA";
"2006-Q2";"N";"T";"LE";"680335.23435851"
"2006-Q2";"A";"T";"LE1";"3024585.60712238"
"2006-Q2";"A";"T";"LX";"-16229.70830704"
"2006-Q2";"A";"T";"T";
"2006-Q2";"A";"T";"K";
"2006-Q2";"A";"T";"K7";
"2006-Q2";"A";"T";"K7A";
"2006-Q2";"A";"T";"K7B";
"2006-Q2";"A";"T";"KA";
"2006-Q2";"A";"T";"LE";"3008355.59581534"
"2006-Q2";"P";"T";"LE1";"2361700.62082063"
"2006-Q2";"P";"T";"LX";"-33680.4623638"
"2006-Q2";"P";"T";"T";
"2006-Q2";"P";"T";"K";
"2006-Q2";"P";"T";"K7";
"2006-Q2";"P";"T";"K7A";
"2006-Q2";"P";"T";"K7B";
"2006-Q2";"P";"T";"KA";
"2006-Q2";"P";"T";"LE";"2328020.36145683"
"2006-Q3";"N";"T";"LE1";"680335.23435851"
"2006-Q3";"N";"T";"LX";"14649.83403901"
"2006-Q3";"N";"T";"T";"23697.34229926"
"2006-Q3";"N";"T";"K";"-9048.00826025"
"2006-Q3";"N";"T";"K7";
"2006-Q3";"N";"T";"K7A";
"2006-Q3";"N";"T";"K7B";
"2006-Q3";"N";"T";"KA";
"2006-Q3";"N";"T";"LE";"694984.77239752"
"2006-Q3";"A";"T";"LE1";"3008355.59581534"
"2006-Q3";"A";"T";"LX";"133164.74064627"
"2006-Q3";"A";"T";"T";
"2006-Q3";"A";"T";"K";
"2006-Q3";"A";"T";"K7";
"2006-Q3";"A";"T";"K7A";
"2006-Q3";"A";"T";"K7B";
"2006-Q3";"A";"T";"KA";
"2006-Q3";"A";"T";"LE";"3141520.54846161"
"2006-Q3";"P";"T";"LE1";"2328020.36145683"
"2006-Q3";"P";"T";"LX";"118514.90660726"
"2006-Q3";"P";"T";"T";
"2006-Q3";"P";"T";"K";
"2006-Q3";"P";"T";"K7";
"2006-Q3";"P";"T";"K7A";
"2006-Q3";"P";"T";"K7B";
"2006-Q3";"P";"T";"KA";
"2006-Q3";"P";"T";"LE";"2446535.77606409"
"2006-Q4";"N";"T";"LE1";"694984.77239752"
"2006-Q4";"N";"T";"LX";"-97774.80359237"
"2006-Q4";"N";"T";"T";"34943.21170796"
"2006-Q4";"N";"T";"K";"-132717.71530033"
"2006-Q4";"N";"T";"K7";
"2006-Q4";"N";"T";"K7A";
"2006-Q4";"N";"T";"K7B";
"2006-Q4";"N";"T";"KA";
"2006-Q4";"N";"T";"LE";"597209.66980515"
"2006-Q4";"A";"T";"LE1";"3141520.54846161"
"2006-Q4";"A";"T";"LX";"-16054.94403118"
"2006-Q4";"A";"T";"T";
"2006-Q4";"A";"T";"K";
"2006-Q4";"A";"T";"K7";
"2006-Q4";"A";"T";"K7A";
"2006-Q4";"A";"T";"K7B";
"2006-Q4";"A";"T";"KA";
"2006-Q4";"A";"T";"LE";"3125465.10043043"
"2006-Q4";"P";"T";"LE1";"2446535.77606409"
"2006-Q4";"P";"T";"LX";"81719.85956118"
"2006-Q4";"P";"T";"T";
"2006-Q4";"P";"T";"K";
"2006-Q4";"P";"T";"K7";
"2006-Q4";"P";"T";"K7A";
"2006-Q4";"P";"T";"K7B";
"2006-Q4";"P";"T";"KA";
"2006-Q4";"P";"T";"LE";"2528255.43062528"
"2007-Q1";"N";"T";"LE1";"597209.66980515"
"2007-Q1";"N";"T";"LX";"49474.75017012"
"2007-Q1";"N";"T";"T";"22251.50475804"
"2007-Q1";"N";"T";"K";"27223.64541209"
"2007-Q1";"N";"T";"K7";
"2007-Q1";"N";"T";"K7A";
"2007-Q1";"N";"T";"K7B";
"2007-Q1";"N";"T";"KA";
"2007-Q1";"N";"T";"LE";"646684.42197528"
"2007-Q1";"A";"T";"LE1";"3125465.10043043"
"2007-Q1";"A";"T";"LX";"394943.1543218"
"2007-Q1";"A";"T";"T";
"2007-Q1";"A";"T";"K";
"2007-Q1";"A";"T";"K7";
"2007-Q1";"A";"T";"K7A";
"2007-Q1";"A";"T";"K7B";
"2007-Q1";"A";"T";"KA";
"2007-Q1";"A";"T";"LE";"3520408.55875223"
"2007-Q1";"P";"T";"LE1";"2528255.43062528"
"2007-Q1";"P";"T";"LX";"345468.40415168"
"2007-Q1";"P";"T";"T";
"2007-Q1";"P";"T";"K";
"2007-Q1";"P";"T";"K7";
"2007-Q1";"P";"T";"K7A";
"2007-Q1";"P";"T";"K7B";
"2007-Q1";"P";"T";"KA";
"2007-Q1";"P";"T";"LE";"2873724.13677696"
"2007-Q2";"N";"T";"LE1";"646684.42197528"
"2007-Q2";"N";"T";"LX";"26991.76857405"
"2007-Q2";"N";"T";"T";"18865.29778138"
"2007-Q2";"N";"T";"K";"8126.77079266"
"2007-Q2";"N";"T";"K7";
"2007-Q2";"N";"T";"K7A";
"2007-Q2";"N";"T";"K7B";
"2007-Q2";"N";"T";"KA";
"2007-Q2";"N";"T";"LE";"673677.00254932"
"2007-Q2";"A";"T";"LE1";"3520408.55875223"
"2007-Q2";"A";"T";"LX";"106385.65649427"
"2007-Q2";"A";"T";"T";
"2007-Q2";"A";"T";"K";
"2007-Q2";"A";"T";"K7";
"2007-Q2";"A";"T";"K7A";
"2007-Q2";"A";"T";"K7B";
"2007-Q2";"A";"T";"KA";
"2007-Q2";"A";"T";"LE";"3626794.62124651"
"2007-Q2";"P";"T";"LE1";"2873724.13677696"
"2007-Q2";"P";"T";"LX";"79393.88792023"
"2007-Q2";"P";"T";"T";
"2007-Q2";"P";"T";"K";
"2007-Q2";"P";"T";"K7";
"2007-Q2";"P";"T";"K7A";
"2007-Q2";"P";"T";"K7B";
"2007-Q2";"P";"T";"KA";
"2007-Q2";"P";"T";"LE";"2953117.61869718"
"2007-Q3";"N";"T";"LE1";"673677.00254932"
"2007-Q3";"N";"T";"LX";"27799.69691888"
"2007-Q3";"N";"T";"T";"3551.76336651"
"2007-Q3";"N";"T";"K";"24248.03355237"
"2007-Q3";"N";"T";"K7";
"2007-Q3";"N";"T";"K7A";
"2007-Q3";"N";"T";"K7B";
"2007-Q3";"N";"T";"KA";
"2007-Q3";"N";"T";"LE";"701476.68946821"
"2007-Q3";"A";"T";"LE1";"3626794.62124651"
"2007-Q3";"A";"T";"LX";"7596.66586318"
"2007-Q3";"A";"T";"T";
"2007-Q3";"A";"T";"K";
"2007-Q3";"A";"T";"K7";
"2007-Q3";"A";"T";"K7A";
"2007-Q3";"A";"T";"K7B";
"2007-Q3";"A";"T";"KA";
"2007-Q3";"A";"T";"LE";"3634391.48110969"
"2007-Q3";"P";"T";"LE1";"2953117.61869718"
"2007-Q3";"P";"T";"LX";"-20203.0310557"
"2007-Q3";"P";"T";"T";
"2007-Q3";"P";"T";"K";
"2007-Q3";"P";"T";"K7";
"2007-Q3";"P";"T";"K7A";
"2007-Q3";"P";"T";"K7B";
"2007-Q3";"P";"T";"KA";
"2007-Q3";"P";"T";"LE";"2932914.79164148"
"2007-Q4";"N";"T";"LE1";"701476.68946821"
"2007-Q4";"N";"T";"LX";"38007.48976958"
"2007-Q4";"N";"T";"T";"4483.78614634"
"2007-Q4";"N";"T";"K";"33523.60362325"
"2007-Q4";"N";"T";"K7";
"2007-Q4";"N";"T";"K7A";
"2007-Q4";"N";"T";"K7B";
"2007-Q4";"N";"T";"KA";
"2007-Q4";"N";"T";"LE";"739483.67623779"
"2007-Q4";"A";"T";"LE1";"3634391.48110969"
"2007-Q4";"A";"T";"LX";"112188.69127181"
"2007-Q4";"A";"T";"T";
"2007-Q4";"A";"T";"K";
"2007-Q4";"A";"T";"K7";
"2007-Q4";"A";"T";"K7A";
"2007-Q4";"A";"T";"K7B";
"2007-Q4";"A";"T";"KA";
"2007-Q4";"A";"T";"LE";"3746579.8693815"
"2007-Q4";"P";"T";"LE1";"2932914.79164148"
"2007-Q4";"P";"T";"LX";"74181.20150223"
"2007-Q4";"P";"T";"T";
"2007-Q4";"P";"T";"K";
"2007-Q4";"P";"T";"K7";
"2007-Q4";"P";"T";"K7A";
"2007-Q4";"P";"T";"K7B";
"2007-Q4";"P";"T";"KA";
"2007-Q4";"P";"T";"LE";"3007096.19314371"
"2008-Q1";"N";"T";"LE1";"739483.67623779"
"2008-Q1";"N";"T";"LX";"-45382.23868241"
"2008-Q1";"N";"T";"T";"-7841.88617549"
"2008-Q1";"N";"T";"K";"-37540.75250693"
"2008-Q1";"N";"T";"K7";
"2008-Q1";"N";"T";"K7A";
"2008-Q1";"N";"T";"K7B";
"2008-Q1";"N";"T";"KA";
"2008-Q1";"N";"T";"LE";"694101.44655537"
"2008-Q1";"A";"T";"LE1";"3746579.8693815"
"2008-Q1";"A";"T";"LX";"-202282.45677286"
"2008-Q1";"A";"T";"T";
"2008-Q1";"A";"T";"K";
"2008-Q1";"A";"T";"K7";
"2008-Q1";"A";"T";"K7A";
"2008-Q1";"A";"T";"K7B";
"2008-Q1";"A";"T";"KA";
"2008-Q1";"A";"T";"LE";"3544297.12060864"
"2008-Q1";"P";"T";"LE1";"3007096.19314371"
"2008-Q1";"P";"T";"LX";"-156900.21809045"
"2008-Q1";"P";"T";"T";
"2008-Q1";"P";"T";"K";
"2008-Q1";"P";"T";"K7";
"2008-Q1";"P";"T";"K7A";
"2008-Q1";"P";"T";"K7B";
"2008-Q1";"P";"T";"KA";
"2008-Q1";"P";"T";"LE";"2850195.67405327"
"2008-Q2";"N";"T";"LE1";"694101.44655537"
"2008-Q2";"N";"T";"LX";"13213.97122043"
"2008-Q2";"N";"T";"T";"22906.72138374"
"2008-Q2";"N";"T";"K";"-9692.25016331"
"2008-Q2";"N";"T";"K7";
"2008-Q2";"N";"T";"K7A";
"2008-Q2";"N";"T";"K7B";
"2008-Q2";"N";"T";"KA";
"2008-Q2";"N";"T";"LE";"707315.6087758"
"2008-Q2";"A";"T";"LE1";"3544297.12060864"
"2008-Q2";"A";"T";"LX";"-119309.01348602"
"2008-Q2";"A";"T";"T";
"2008-Q2";"A";"T";"K";
"2008-Q2";"A";"T";"K7";
"2008-Q2";"A";"T";"K7A";
"2008-Q2";"A";"T";"K7B";
"2008-Q2";"A";"T";"KA";
"2008-Q2";"A";"T";"LE";"3424988.80212263"
"2008-Q2";"P";"T";"LE1";"2850195.67405327"
"2008-Q2";"P";"T";"LX";"-132522.98470644"
"2008-Q2";"P";"T";"T";
"2008-Q2";"P";"T";"K";
"2008-Q2";"P";"T";"K7";
"2008-Q2";"P";"T";"K7A";
"2008-Q2";"P";"T";"K7B";
"2008-Q2";"P";"T";"KA";
"2008-Q2";"P";"T";"LE";"2717673.19334682"
"2008-Q3";"N";"T";"LE1";"707315.6087758"
"2008-Q3";"N";"T";"LX";"-59.64589221"
"2008-Q3";"N";"T";"T";"22225.89831545"
"2008-Q3";"N";"T";"K";"-22285.64420766"
"2008-Q3";"N";"T";"K7";
"2008-Q3";"N";"T";"K7A";
"2008-Q3";"N";"T";"K7B";
"2008-Q3";"N";"T";"KA";
"2008-Q3";"N";"T";"LE";"707256.26288359"
"2008-Q3";"A";"T";"LE1";"3424988.80212263"
"2008-Q3";"A";"T";"LX";"69847.67017682"
"2008-Q3";"A";"T";"T";
"2008-Q3";"A";"T";"K";
"2008-Q3";"A";"T";"K7";
"2008-Q3";"A";"T";"K7A";
"2008-Q3";"A";"T";"K7B";
"2008-Q3";"A";"T";"KA";
"2008-Q3";"A";"T";"LE";"3494836.46929945"
"2008-Q3";"P";"T";"LE1";"2717673.19334682"
"2008-Q3";"P";"T";"LX";"69907.31606904"
"2008-Q3";"P";"T";"T";
"2008-Q3";"P";"T";"K";
"2008-Q3";"P";"T";"K7";
"2008-Q3";"P";"T";"K7A";
"2008-Q3";"P";"T";"K7B";
"2008-Q3";"P";"T";"KA";
"2008-Q3";"P";"T";"LE";"2787580.20641586"
"2008-Q4";"N";"T";"LE1";"707256.26288359"
"2008-Q4";"N";"T";"LX";"-57528.5303856"
"2008-Q4";"N";"T";"T";"-23558.99486118"
"2008-Q4";"N";"T";"K";"-33969.43552442"
"2008-Q4";"N";"T";"K7";
"2008-Q4";"N";"T";"K7A";
"2008-Q4";"N";"T";"K7B";
"2008-Q4";"N";"T";"KA";
"2008-Q4";"N";"T";"LE";"649727.82149799"
"2008-Q4";"A";"T";"LE1";"3494836.46929945"
"2008-Q4";"A";"T";"LX";"-275810.90739269"
"2008-Q4";"A";"T";"T";
"2008-Q4";"A";"T";"K";
"2008-Q4";"A";"T";"K7";
"2008-Q4";"A";"T";"K7A";
"2008-Q4";"A";"T";"K7B";
"2008-Q4";"A";"T";"KA";
"2008-Q4";"A";"T";"LE";"3219024.75990676"
"2008-Q4";"P";"T";"LE1";"2787580.20641586"
"2008-Q4";"P";"T";"LX";"-218282.37700709"
"2008-Q4";"P";"T";"T";
"2008-Q4";"P";"T";"K";
"2008-Q4";"P";"T";"K7";
"2008-Q4";"P";"T";"K7A";
"2008-Q4";"P";"T";"K7B";
"2008-Q4";"P";"T";"KA";
"2008-Q4";"P";"T";"LE";"2569296.93840877"
"2009-Q1";"N";"T";"LE1";"649727.82149799"
"2009-Q1";"N";"T";"LX";"88361.37874981"
"2009-Q1";"N";"T";"T";"-31597.49948754"
"2009-Q1";"N";"T";"K";"119958.57823735"
"2009-Q1";"N";"T";"K7";
"2009-Q1";"N";"T";"K7A";
"2009-Q1";"N";"T";"K7B";
"2009-Q1";"N";"T";"KA";
"2009-Q1";"N";"T";"LE";"738089.0052478"
"2009-Q1";"A";"T";"LE1";"3219024.75990676"
"2009-Q1";"A";"T";"LX";"80802.18013908"
"2009-Q1";"A";"T";"T";
"2009-Q1";"A";"T";"K";
"2009-Q1";"A";"T";"K7";
"2009-Q1";"A";"T";"K7A";
"2009-Q1";"A";"T";"K7B";
"2009-Q1";"A";"T";"KA";
"2009-Q1";"A";"T";"LE";"3299827.53904584"
"2009-Q1";"P";"T";"LE1";"2569296.93840877"
"2009-Q1";"P";"T";"LX";"-7559.19861073"
"2009-Q1";"P";"T";"T";
"2009-Q1";"P";"T";"K";
"2009-Q1";"P";"T";"K7";
"2009-Q1";"P";"T";"K7A";
"2009-Q1";"P";"T";"K7B";
"2009-Q1";"P";"T";"KA";
"2009-Q1";"P";"T";"LE";"2561738.53379804"
"2009-Q2";"N";"T";"LE1";"738089.0052478"
"2009-Q2";"N";"T";"LX";"17373.44489407"
"2009-Q2";"N";"T";"T";"36487.95958787"
"2009-Q2";"N";"T";"K";"-19114.6146938"
"2009-Q2";"N";"T";"K7";
"2009-Q2";"N";"T";"K7A";
"2009-Q2";"N";"T";"K7B";
"2009-Q2";"N";"T";"KA";
"2009-Q2";"N";"T";"LE";"755462.45714187"
"2009-Q2";"A";"T";"LE1";"3299827.53904584"
"2009-Q2";"A";"T";"LX";"76981.44679783"
"2009-Q2";"A";"T";"T";
"2009-Q2";"A";"T";"K";
"2009-Q2";"A";"T";"K7";
"2009-Q2";"A";"T";"K7A";
"2009-Q2";"A";"T";"K7B";
"2009-Q2";"A";"T";"KA";
"2009-Q2";"A";"T";"LE";"3376808.68684367"
"2009-Q2";"P";"T";"LE1";"2561738.53379804"
"2009-Q2";"P";"T";"LX";"59608.00190376"
"2009-Q2";"P";"T";"T";
"2009-Q2";"P";"T";"K";
"2009-Q2";"P";"T";"K7";
"2009-Q2";"P";"T";"K7A";
"2009-Q2";"P";"T";"K7B";
"2009-Q2";"P";"T";"KA";
"2009-Q2";"P";"T";"LE";"2621346.2297018"
"2009-Q3";"N";"T";"LE1";"755462.45714187"
"2009-Q3";"N";"T";"LX";"-47473.80300079"
"2009-Q3";"N";"T";"T";"3687.657621"
"2009-Q3";"N";"T";"K";"-51161.36062179"
"2009-Q3";"N";"T";"K7";
"2009-Q3";"N";"T";"K7A";
"2009-Q3";"N";"T";"K7B";
"2009-Q3";"N";"T";"KA";
"2009-Q3";"N";"T";"LE";"707988.75414108"
"2009-Q3";"A";"T";"LE1";"3376808.68684367"
"2009-Q3";"A";"T";"LX";"-16902.15020564"
"2009-Q3";"A";"T";"T";
"2009-Q3";"A";"T";"K";
"2009-Q3";"A";"T";"K7";
"2009-Q3";"A";"T";"K7A";
"2009-Q3";"A";"T";"K7B";
"2009-Q3";"A";"T";"KA";
"2009-Q3";"A";"T";"LE";"3359906.53863803"
"2009-Q3";"P";"T";"LE1";"2621346.2297018"
"2009-Q3";"P";"T";"LX";"30571.65279514"
"2009-Q3";"P";"T";"T";
"2009-Q3";"P";"T";"K";
"2009-Q3";"P";"T";"K7";
"2009-Q3";"P";"T";"K7A";
"2009-Q3";"P";"T";"K7B";
"2009-Q3";"P";"T";"KA";
"2009-Q3";"P";"T";"LE";"2651917.78449694"
"2009-Q4";"N";"T";"LE1";"707988.75414108"
"2009-Q4";"N";"T";"LX";"-21596.18139691"
"2009-Q4";"N";"T";"T";"-4010.43278216"
"2009-Q4";"N";"T";"K";"-17585.74861476"
"2009-Q4";"N";"T";"K7";
"2009-Q4";"N";"T";"K7A";
"2009-Q4";"N";"T";"K7B";
"2009-Q4";"N";"T";"KA";
"2009-Q4";"N";"T";"LE";"686392.27574417"
"2009-Q4";"A";"T";"LE1";"3359906.53863803"
"2009-Q4";"A";"T";"LX";"35454.51238054"
"2009-Q4";"A";"T";"T";
"2009-Q4";"A";"T";"K";
"2009-Q4";"A";"T";"K7";
"2009-Q4";"A";"T";"K7A";
"2009-Q4";"A";"T";"K7B";
"2009-Q4";"A";"T";"KA";
"2009-Q4";"A";"T";"LE";"3395361.25001857"
"2009-Q4";"P";"T";"LE1";"2651917.78449694"
"2009-Q4";"P";"T";"LX";"57050.69377745"
"2009-Q4";"P";"T";"T";
"2009-Q4";"P";"T";"K";
"2009-Q4";"P";"T";"K7";
"2009-Q4";"P";"T";"K7A";
"2009-Q4";"P";"T";"K7B";
"2009-Q4";"P";"T";"KA";
"2009-Q4";"P";"T";"LE";"2708968.9742744"
"2010-Q1";"N";"T";"LE1";"686392.27574417"
"2010-Q1";"N";"T";"LX";"-1508.34711829"
"2010-Q1";"N";"T";"T";"13986.68457386"
"2010-Q1";"N";"T";"K";"-15494.03169215"
"2010-Q1";"N";"T";"K7";
"2010-Q1";"N";"T";"K7A";
"2010-Q1";"N";"T";"K7B";
"2010-Q1";"N";"T";"KA";
"2010-Q1";"N";"T";"LE";"684883.12562588"
"2010-Q1";"A";"T";"LE1";"3395361.25001857"
"2010-Q1";"A";"T";"LX";"65610.08820237"
"2010-Q1";"A";"T";"T";
"2010-Q1";"A";"T";"K";
"2010-Q1";"A";"T";"K7";
"2010-Q1";"A";"T";"K7A";
"2010-Q1";"A";"T";"K7B";
"2010-Q1";"A";"T";"KA";
"2010-Q1";"A";"T";"LE";"3460970.73822094"
"2010-Q1";"P";"T";"LE1";"2708968.9742744"
"2010-Q1";"P";"T";"LX";"67118.43532066"
"2010-Q1";"P";"T";"T";
"2010-Q1";"P";"T";"K";
"2010-Q1";"P";"T";"K7";
"2010-Q1";"P";"T";"K7A";
"2010-Q1";"P";"T";"K7B";
"2010-Q1";"P";"T";"KA";
"2010-Q1";"P";"T";"LE";"2776087.61259506"
"2010-Q2";"N";"T";"LE1";"684883.12562588"
"2010-Q2";"N";"T";"LX";"55207.0480029"
"2010-Q2";"N";"T";"T";"38750.09254717"
"2010-Q2";"N";"T";"K";"16457.05545574"
"2010-Q2";"N";"T";"K7";
"2010-Q2";"N";"T";"K7A";
"2010-Q2";"N";"T";"K7B";
"2010-Q2";"N";"T";"KA";
"2010-Q2";"N";"T";"LE";"740090.97362878"
"2010-Q2";"A";"T";"LE1";"3460970.73822094"
"2010-Q2";"A";"T";"LX";"47474.16970304"
"2010-Q2";"A";"T";"T";
"2010-Q2";"A";"T";"K";
"2010-Q2";"A";"T";"K7";
"2010-Q2";"A";"T";"K7A";
"2010-Q2";"A";"T";"K7B";
"2010-Q2";"A";"T";"KA";
"2010-Q2";"A";"T";"LE";"3508445.20892398"
"2010-Q2";"P";"T";"LE1";"2776087.61259506"
"2010-Q2";"P";"T";"LX";"-7732.87829986"
"2010-Q2";"P";"T";"T";
"2010-Q2";"P";"T";"K";
"2010-Q2";"P";"T";"K7";
"2010-Q2";"P";"T";"K7A";
"2010-Q2";"P";"T";"K7B";
"2010-Q2";"P";"T";"KA";
"2010-Q2";"P";"T";"LE";"2768354.2352952"
"2010-Q3";"N";"T";"LE1";"740090.97362878"
"2010-Q3";"N";"T";"LX";"22599.53125838"
"2010-Q3";"N";"T";"T";"32713.63570853"
"2010-Q3";"N";"T";"K";"-10113.80445016"
"2010-Q3";"N";"T";"K7";
"2010-Q3";"N";"T";"K7A";
"2010-Q3";"N";"T";"K7B";
"2010-Q3";"N";"T";"KA";
"2010-Q3";"N";"T";"LE";"762690.49388716"
"2010-Q3";"A";"T";"LE1";"3508445.20892398"
"2010-Q3";"A";"T";"LX";"-15823.58352705"
"2010-Q3";"A";"T";"T";
"2010-Q3";"A";"T";"K";
"2010-Q3";"A";"T";"K7";
"2010-Q3";"A";"T";"K7A";
"2010-Q3";"A";"T";"K7B";
"2010-Q3";"A";"T";"KA";
"2010-Q3";"A";"T";"LE";"3492621.91839693"
"2010-Q3";"P";"T";"LE1";"2768354.2352952"
"2010-Q3";"P";"T";"LX";"-38423.11478543"
"2010-Q3";"P";"T";"T";
"2010-Q3";"P";"T";"K";
"2010-Q3";"P";"T";"K7";
"2010-Q3";"P";"T";"K7A";
"2010-Q3";"P";"T";"K7B";
"2010-Q3";"P";"T";"KA";
"2010-Q3";"P";"T";"LE";"2729931.42450977"
"2010-Q4";"N";"T";"LE1";"762690.49388716"
"2010-Q4";"N";"T";"LX";"-63629.5216952"
"2010-Q4";"N";"T";"T";"21984.96137156"
"2010-Q4";"N";"T";"K";"-85613.88306676"
"2010-Q4";"N";"T";"K7";
"2010-Q4";"N";"T";"K7A";
"2010-Q4";"N";"T";"K7B";
"2010-Q4";"N";"T";"KA";
"2010-Q4";"N";"T";"LE";"699060.68519196"
"2010-Q4";"A";"T";"LE1";"3492621.91839693"
"2010-Q4";"A";"T";"LX";"-40096.9783389"
"2010-Q4";"A";"T";"T";
"2010-Q4";"A";"T";"K";
"2010-Q4";"A";"T";"K7";
"2010-Q4";"A";"T";"K7A";
"2010-Q4";"A";"T";"K7B";
"2010-Q4";"A";"T";"KA";
"2010-Q4";"A";"T";"LE";"3452524.65505803"
"2010-Q4";"P";"T";"LE1";"2729931.42450977"
"2010-Q4";"P";"T";"LX";"23532.5433563"
"2010-Q4";"P";"T";"T";
"2010-Q4";"P";"T";"K";
"2010-Q4";"P";"T";"K7";
"2010-Q4";"P";"T";"K7A";
"2010-Q4";"P";"T";"K7B";
"2010-Q4";"P";"T";"KA";
"2010-Q4";"P";"T";"LE";"2753463.96986607"
"2011-Q1";"N";"T";"LE1";"699060.68519196"
"2011-Q1";"N";"T";"LX";"3706.60676983"
"2011-Q1";"N";"T";"T";"-1984.38371633"
"2011-Q1";"N";"T";"K";"5690.49048615"
"2011-Q1";"N";"T";"K7";
"2011-Q1";"N";"T";"K7A";
"2011-Q1";"N";"T";"K7B";
"2011-Q1";"N";"T";"KA";
"2011-Q1";"N";"T";"LE";"702767.77896179"
"2011-Q1";"A";"T";"LE1";"3452524.65505803"
"2011-Q1";"A";"T";"LX";"23653.8355558"
"2011-Q1";"A";"T";"T";
"2011-Q1";"A";"T";"K";
"2011-Q1";"A";"T";"K7";
"2011-Q1";"A";"T";"K7A";
"2011-Q1";"A";"T";"K7B";
"2011-Q1";"A";"T";"KA";
"2011-Q1";"A";"T";"LE";"3476178.67561382"
"2011-Q1";"P";"T";"LE1";"2753463.96986607"
"2011-Q1";"P";"T";"LX";"19947.22878597"
"2011-Q1";"P";"T";"T";
"2011-Q1";"P";"T";"K";
"2011-Q1";"P";"T";"K7";
"2011-Q1";"P";"T";"K7A";
"2011-Q1";"P";"T";"K7B";
"2011-Q1";"P";"T";"KA";
"2011-Q1";"P";"T";"LE";"2773410.89665204"
"2011-Q2";"N";"T";"LE1";"702767.77896179"
"2011-Q2";"N";"T";"LX";"-38165.43117631"
"2011-Q2";"N";"T";"T";"44404.33445779"
"2011-Q2";"N";"T";"K";"-82569.4656341"
"2011-Q2";"N";"T";"K7";
"2011-Q2";"N";"T";"K7A";
"2011-Q2";"N";"T";"K7B";
"2011-Q2";"N";"T";"KA";
"2011-Q2";"N";"T";"LE";"664601.85178547"
"2011-Q2";"A";"T";"LE1";"3476178.67561382"
"2011-Q2";"A";"T";"LX";"-104060.82160949"
"2011-Q2";"A";"T";"T";
"2011-Q2";"A";"T";"K";
"2011-Q2";"A";"T";"K7";
"2011-Q2";"A";"T";"K7A";
"2011-Q2";"A";"T";"K7B";
"2011-Q2";"A";"T";"KA";
"2011-Q2";"A";"T";"LE";"3372117.65700433"
"2011-Q2";"P";"T";"LE1";"2773410.89665204"
"2011-Q2";"P";"T";"LX";"-65895.39043317"
"2011-Q2";"P";"T";"T";
"2011-Q2";"P";"T";"K";
"2011-Q2";"P";"T";"K7";
"2011-Q2";"P";"T";"K7A";
"2011-Q2";"P";"T";"K7B";
"2011-Q2";"P";"T";"KA";
"2011-Q2";"P";"T";"LE";"2707515.80521886"
"2011-Q3";"N";"T";"LE1";"664601.85178547"
"2011-Q3";"N";"T";"LX";"92038.15206255"
"2011-Q3";"N";"T";"T";"15352.01299962"
"2011-Q3";"N";"T";"K";"76686.83906293"
"2011-Q3";"N";"T";"K7";
"2011-Q3";"N";"T";"K7A";
"2011-Q3";"N";"T";"K7B";
"2011-Q3";"N";"T";"KA";
"2011-Q3";"N";"T";"LE";"756640.50184802"
"2011-Q3";"A";"T";"LE1";"3372117.65700433"
"2011-Q3";"A";"T";"LX";"179053.86205471"
"2011-Q3";"A";"T";"T";
"2011-Q3";"A";"T";"K";
"2011-Q3";"A";"T";"K7";
"2011-Q3";"A";"T";"K7A";
"2011-Q3";"A";"T";"K7B";
"2011-Q3";"A";"T";"KA";
"2011-Q3";"A";"T";"LE";"3551171.81805904"
"2011-Q3";"P";"T";"LE1";"2707515.80521886"
"2011-Q3";"P";"T";"LX";"87015.70999216"
"2011-Q3";"P";"T";"T";
"2011-Q3";"P";"T";"K";
"2011-Q3";"P";"T";"K7";
"2011-Q3";"P";"T";"K7A";
"2011-Q3";"P";"T";"K7B";
"2011-Q3";"P";"T";"KA";
"2011-Q3";"P";"T";"LE";"2794531.31621102"
"2011-Q4";"N";"T";"LE1";"756640.50184802"
"2011-Q4";"N";"T";"LX";"-10458.94579962"
"2011-Q4";"N";"T";"T";"-30340.31401058"
"2011-Q4";"N";"T";"K";"19882.26821097"
"2011-Q4";"N";"T";"K7";
"2011-Q4";"N";"T";"K7A";
"2011-Q4";"N";"T";"K7B";
"2011-Q4";"N";"T";"KA";
"2011-Q4";"N";"T";"LE";"746181.57104841"
"2011-Q4";"A";"T";"LE1";"3551171.81805904"
"2011-Q4";"A";"T";"LX";"24964.57843596"
"2011-Q4";"A";"T";"T";
"2011-Q4";"A";"T";"K";
"2011-Q4";"A";"T";"K7";
"2011-Q4";"A";"T";"K7A";
"2011-Q4";"A";"T";"K7B";
"2011-Q4";"A";"T";"KA";
"2011-Q4";"A";"T";"LE";"3576136.105495"
"2011-Q4";"P";"T";"LE1";"2794531.31621102"
"2011-Q4";"P";"T";"LX";"35423.52423557"
"2011-Q4";"P";"T";"T";
"2011-Q4";"P";"T";"K";
"2011-Q4";"P";"T";"K7";
"2011-Q4";"P";"T";"K7A";
"2011-Q4";"P";"T";"K7B";
"2011-Q4";"P";"T";"KA";
"2011-Q4";"P";"T";"LE";"2829954.5344466"
"2012-Q1";"N";"T";"LE1";"746181.57104841"
"2012-Q1";"N";"T";"LX";"-45131.95088701"
"2012-Q1";"N";"T";"T";"-4098.52952043"
"2012-Q1";"N";"T";"K";"-41034.02136658"
"2012-Q1";"N";"T";"K7";
"2012-Q1";"N";"T";"K7A";
"2012-Q1";"N";"T";"K7B";
"2012-Q1";"N";"T";"KA";
"2012-Q1";"N";"T";"LE";"701048.4081614"
"2012-Q1";"A";"T";"LE1";"3576136.105495"
"2012-Q1";"A";"T";"LX";"-2663.01829697"
"2012-Q1";"A";"T";"T";
"2012-Q1";"A";"T";"K";
"2012-Q1";"A";"T";"K7";
"2012-Q1";"A";"T";"K7A";
"2012-Q1";"A";"T";"K7B";
"2012-Q1";"A";"T";"KA";
"2012-Q1";"A";"T";"LE";"3573473.18119804"
"2012-Q1";"P";"T";"LE1";"2829954.5344466"
"2012-Q1";"P";"T";"LX";"42468.93259004"
"2012-Q1";"P";"T";"T";
"2012-Q1";"P";"T";"K";
"2012-Q1";"P";"T";"K7";
"2012-Q1";"P";"T";"K7A";
"2012-Q1";"P";"T";"K7B";
"2012-Q1";"P";"T";"KA";
"2012-Q1";"P";"T";"LE";"2872424.77303664"
"2012-Q2";"N";"T";"LE1";"701048.4081614"
"2012-Q2";"N";"T";"LX";"52784.63500326"
"2012-Q2";"N";"T";"T";"21075.41786895"
"2012-Q2";"N";"T";"K";"31709.11713431"
"2012-Q2";"N";"T";"K7";
"2012-Q2";"N";"T";"K7A";
"2012-Q2";"N";"T";"K7B";
"2012-Q2";"N";"T";"KA";
"2012-Q2";"N";"T";"LE";"753833.84316466"
"2012-Q2";"A";"T";"LE1";"3573473.18119804"
"2012-Q2";"A";"T";"LX";"148037.75569715"
"2012-Q2";"A";"T";"T";
"2012-Q2";"A";"T";"K";
"2012-Q2";"A";"T";"K7";
"2012-Q2";"A";"T";"K7A";
"2012-Q2";"A";"T";"K7B";
"2012-Q2";"A";"T";"KA";
"2012-Q2";"A";"T";"LE";"3721511.03289519"
"2012-Q2";"P";"T";"LE1";"2872424.77303664"
"2012-Q2";"P";"T";"LX";"95253.12069389"
"2012-Q2";"P";"T";"T";
"2012-Q2";"P";"T";"K";
"2012-Q2";"P";"T";"K7";
"2012-Q2";"P";"T";"K7A";
"2012-Q2";"P";"T";"K7B";
"2012-Q2";"P";"T";"KA";
"2012-Q2";"P";"T";"LE";"2967677.18973053"
"2012-Q3";"N";"T";"LE1";"753833.84316466"
"2012-Q3";"N";"T";"LX";"18308.90248596"
"2012-Q3";"N";"T";"T";"21406.90338344"
"2012-Q3";"N";"T";"K";"-3098.90089748"
"2012-Q3";"N";"T";"K7";
"2012-Q3";"N";"T";"K7A";
"2012-Q3";"N";"T";"K7B";
"2012-Q3";"N";"T";"KA";
"2012-Q3";"N";"T";"LE";"772143.25365062"
"2012-Q3";"A";"T";"LE1";"3721511.03289519"
"2012-Q3";"A";"T";"LX";"125988.24158106"
"2012-Q3";"A";"T";"T";
"2012-Q3";"A";"T";"K";
"2012-Q3";"A";"T";"K7";
"2012-Q3";"A";"T";"K7A";
"2012-Q3";"A";"T";"K7B";
"2012-Q3";"A";"T";"KA";
"2012-Q3";"A";"T";"LE";"3847499.18047625"
"2012-Q3";"P";"T";"LE1";"2967677.18973053"
"2012-Q3";"P";"T";"LX";"107679.3390951"
"2012-Q3";"P";"T";"T";
"2012-Q3";"P";"T";"K";
"2012-Q3";"P";"T";"K7";
"2012-Q3";"P";"T";"K7A";
"2012-Q3";"P";"T";"K7B";
"2012-Q3";"P";"T";"KA";
"2012-Q3";"P";"T";"LE";"3075355.92682563"
"2012-Q4";"N";"T";"LE1";"772143.25365062"
"2012-Q4";"N";"T";"LX";"-91579.74945852"
"2012-Q4";"N";"T";"T";"29511.2849758"
"2012-Q4";"N";"T";"K";"-121091.43443432"
"2012-Q4";"N";"T";"K7";
"2012-Q4";"N";"T";"K7A";
"2012-Q4";"N";"T";"K7B";
"2012-Q4";"N";"T";"KA";
"2012-Q4";"N";"T";"LE";"680563.9011921"
"2012-Q4";"A";"T";"LE1";"3847499.18047625"
"2012-Q4";"A";"T";"LX";"-7332.80666237"
"2012-Q4";"A";"T";"T";
"2012-Q4";"A";"T";"K";
"2012-Q4";"A";"T";"K7";
"2012-Q4";"A";"T";"K7A";
"2012-Q4";"A";"T";"K7B";
"2012-Q4";"A";"T";"KA";
"2012-Q4";"A";"T";"LE";"3840166.97781388"
"2012-Q4";"P";"T";"LE1";"3075355.92682563"
"2012-Q4";"P";"T";"LX";"84246.94279615"
"2012-Q4";"P";"T";"T";
"2012-Q4";"P";"T";"K";
"2012-Q4";"P";"T";"K7";
"2012-Q4";"P";"T";"K7A";
"2012-Q4";"P";"T";"K7B";
"2012-Q4";"P";"T";"KA";
"2012-Q4";"P";"T";"LE";"3159603.07662179"
"2013-Q1";"N";"T";"LE1";"680563.9011921"
"2013-Q1";"N";"T";"LX";"-59308.42847838"
"2013-Q1";"N";"T";"T";"11591.99453694"
"2013-Q1";"N";"T";"K";"-70900.62301532"
"2013-Q1";"N";"T";"K7";
"2013-Q1";"N";"T";"K7A";
"2013-Q1";"N";"T";"K7B";
"2013-Q1";"N";"T";"KA";
"2013-Q1";"N";"T";"LE";"621254.66671372"
"2013-Q1";"A";"T";"LE1";"3840166.97781388"
"2013-Q1";"A";"T";"LX";"88861.16669365"
"2013-Q1";"A";"T";"T";
"2013-Q1";"A";"T";"K";
"2013-Q1";"A";"T";"K7";
"2013-Q1";"A";"T";"K7A";
"2013-Q1";"A";"T";"K7B";
"2013-Q1";"A";"T";"KA";
"2013-Q1";"A";"T";"LE";"3929027.53150753"
"2013-Q1";"P";"T";"LE1";"3159603.07662179"
"2013-Q1";"P";"T";"LX";"148169.59517203"
"2013-Q1";"P";"T";"T";
"2013-Q1";"P";"T";"K";
"2013-Q1";"P";"T";"K7";
"2013-Q1";"P";"T";"K7A";
"2013-Q1";"P";"T";"K7B";
"2013-Q1";"P";"T";"KA";
"2013-Q1";"P";"T";"LE";"3307772.86479381"
"2013-Q2";"N";"T";"LE1";"621254.66671372"
"2013-Q2";"N";"T";"LX";"-24221.09749336"
"2013-Q2";"N";"T";"T";"36281.38004139"
"2013-Q2";"N";"T";"K";"-60502.47753476"
"2013-Q2";"N";"T";"K7";
"2013-Q2";"N";"T";"K7A";
"2013-Q2";"N";"T";"K7B";
"2013-Q2";"N";"T";"KA";
"2013-Q2";"N";"T";"LE";"597033.76722035"
"2013-Q2";"A";"T";"LE1";"3929027.53150753"
"2013-Q2";"A";"T";"LX";"-51835.78463451"
"2013-Q2";"A";"T";"T";
"2013-Q2";"A";"T";"K";
"2013-Q2";"A";"T";"K7";
"2013-Q2";"A";"T";"K7A";
"2013-Q2";"A";"T";"K7B";
"2013-Q2";"A";"T";"KA";
"2013-Q2";"A";"T";"LE";"3877191.95587302"
"2013-Q2";"P";"T";"LE1";"3307772.86479381"
"2013-Q2";"P";"T";"LX";"-27614.68714115"
"2013-Q2";"P";"T";"T";
"2013-Q2";"P";"T";"K";
"2013-Q2";"P";"T";"K7";
"2013-Q2";"P";"T";"K7A";
"2013-Q2";"P";"T";"K7B";
"2013-Q2";"P";"T";"KA";
"2013-Q2";"P";"T";"LE";"3280158.18865267"
"2013-Q3";"N";"T";"LE1";"597033.76722035"
"2013-Q3";"N";"T";"LX";"-22585.21761299"
"2013-Q3";"N";"T";"T";"43532.50182273"
"2013-Q3";"N";"T";"K";"-66117.61943572"
"2013-Q3";"N";"T";"K7";
"2013-Q3";"N";"T";"K7A";
"2013-Q3";"N";"T";"K7B";
"2013-Q3";"N";"T";"KA";
"2013-Q3";"N";"T";"LE";"574448.75860736"
"2013-Q3";"A";"T";"LE1";"3877191.95587302"
"2013-Q3";"A";"T";"LX";"1423.56445938"
"2013-Q3";"A";"T";"T";
"2013-Q3";"A";"T";"K";
"2013-Q3";"A";"T";"K7";
"2013-Q3";"A";"T";"K7A";
"2013-Q3";"A";"T";"K7B";
"2013-Q3";"A";"T";"KA";
"2013-Q3";"A";"T";"LE";"3878615.8263324"
"2013-Q3";"P";"T";"LE1";"3280158.18865267"
"2013-Q3";"P";"T";"LX";"24008.78207237"
"2013-Q3";"P";"T";"T";
"2013-Q3";"P";"T";"K";
"2013-Q3";"P";"T";"K7";
"2013-Q3";"P";"T";"K7A";
"2013-Q3";"P";"T";"K7B";
"2013-Q3";"P";"T";"KA";
"2013-Q3";"P";"T";"LE";"3304167.06772504"
"2013-Q4";"N";"T";"LE1";"574448.75860736"
"2013-Q4";"N";"T";"LX";"-17059.01253933"
"2013-Q4";"N";"T";"T";"12536.74768644"
"2013-Q4";"N";"T";"K";"-29596.06022577"
"2013-Q4";"N";"T";"K7";
"2013-Q4";"N";"T";"K7A";
"2013-Q4";"N";"T";"K7B";
"2013-Q4";"N";"T";"KA";
"2013-Q4";"N";"T";"LE";"557389.14206803"
"2013-Q4";"A";"T";"LE1";"3878615.8263324"
"2013-Q4";"A";"T";"LX";"8762.7713145"
"2013-Q4";"A";"T";"T";
"2013-Q4";"A";"T";"K";
"2013-Q4";"A";"T";"K7";
"2013-Q4";"A";"T";"K7A";
"2013-Q4";"A";"T";"K7B";
"2013-Q4";"A";"T";"KA";
"2013-Q4";"A";"T";"LE";"3887377.5936469"
"2013-Q4";"P";"T";"LE1";"3304167.06772504"
"2013-Q4";"P";"T";"LX";"25821.78385383"
"2013-Q4";"P";"T";"T";
"2013-Q4";"P";"T";"K";
"2013-Q4";"P";"T";"K7";
"2013-Q4";"P";"T";"K7A";
"2013-Q4";"P";"T";"K7B";
"2013-Q4";"P";"T";"KA";
"2013-Q4";"P";"T";"LE";"3329988.45157887"
"2014-Q1";"N";"T";"LE1";"557389.14206803"
"2014-Q1";"N";"T";"LX";"-24634.76540964"
"2014-Q1";"N";"T";"T";"19041.06354534"
"2014-Q1";"N";"T";"K";"-43676.41566657"
"2014-Q1";"N";"T";"K7";
"2014-Q1";"N";"T";"K7A";
"2014-Q1";"N";"T";"K7B";
"2014-Q1";"N";"T";"KA";
"2014-Q1";"N";"T";"LE";"532753.57665839"
"2014-Q1";"A";"T";"LE1";"3887377.5936469"
"2014-Q1";"A";"T";"LX";"-2416.68761736"
"2014-Q1";"A";"T";"T";
"2014-Q1";"A";"T";"K";
"2014-Q1";"A";"T";"K7";
"2014-Q1";"A";"T";"K7A";
"2014-Q1";"A";"T";"K7B";
"2014-Q1";"A";"T";"KA";
"2014-Q1";"A";"T";"LE";"3884960.59302954"
"2014-Q1";"P";"T";"LE1";"3329988.45157887"
"2014-Q1";"P";"T";"LX";"22218.07779228"
"2014-Q1";"P";"T";"T";
"2014-Q1";"P";"T";"K";
"2014-Q1";"P";"T";"K7";
"2014-Q1";"P";"T";"K7A";
"2014-Q1";"P";"T";"K7B";
"2014-Q1";"P";"T";"KA";
"2014-Q1";"P";"T";"LE";"3352207.01637115"
"2014-Q2";"N";"T";"LE1";"532753.57665839"
"2014-Q2";"N";"T";"LX";"4523.13313875"
"2014-Q2";"N";"T";"T";"5517.87430481"
"2014-Q2";"N";"T";"K";"-994.22877074"
"2014-Q2";"N";"T";"K7";
"2014-Q2";"N";"T";"K7A";
"2014-Q2";"N";"T";"K7B";
"2014-Q2";"N";"T";"KA";
"2014-Q2";"N";"T";"LE";"537278.00979714"
"2014-Q2";"A";"T";"LE1";"3884960.59302954"
"2014-Q2";"A";"T";"LX";"32351.42937369"
"2014-Q2";"A";"T";"T";
"2014-Q2";"A";"T";"K";
"2014-Q2";"A";"T";"K7";
"2014-Q2";"A";"T";"K7A";
"2014-Q2";"A";"T";"K7B";
"2014-Q2";"A";"T";"KA";
"2014-Q2";"A";"T";"LE";"3917312.93040324"
"2014-Q2";"P";"T";"LE1";"3352207.01637115"
"2014-Q2";"P";"T";"LX";"27828.29623494"
"2014-Q2";"P";"T";"T";
"2014-Q2";"P";"T";"K";
"2014-Q2";"P";"T";"K7";
"2014-Q2";"P";"T";"K7A";
"2014-Q2";"P";"T";"K7B";
"2014-Q2";"P";"T";"KA";
"2014-Q2";"P";"T";"LE";"3380034.9206061"
"2014-Q3";"N";"T";"LE1";"537278.00979714"
"2014-Q3";"N";"T";"LX";"18374.47097352"
"2014-Q3";"N";"T";"T";"2394.48394355"
"2014-Q3";"N";"T";"K";"15979.70033967"
"2014-Q3";"N";"T";"K7";
"2014-Q3";"N";"T";"K7A";
"2014-Q3";"N";"T";"K7B";
"2014-Q3";"N";"T";"KA";
"2014-Q3";"N";"T";"LE";"555652.18477066"
"2014-Q3";"A";"T";"LE1";"3917312.93040324"
"2014-Q3";"A";"T";"LX";"96337.18717933"
"2014-Q3";"A";"T";"T";
"2014-Q3";"A";"T";"K";
"2014-Q3";"A";"T";"K7";
"2014-Q3";"A";"T";"K7A";
"2014-Q3";"A";"T";"K7B";
"2014-Q3";"A";"T";"KA";
"2014-Q3";"A";"T";"LE";"4013649.91858257"
"2014-Q3";"P";"T";"LE1";"3380034.9206061"
"2014-Q3";"P";"T";"LX";"77962.71620581"
"2014-Q3";"P";"T";"T";
"2014-Q3";"P";"T";"K";
"2014-Q3";"P";"T";"K7";
"2014-Q3";"P";"T";"K7A";
"2014-Q3";"P";"T";"K7B";
"2014-Q3";"P";"T";"KA";
"2014-Q3";"P";"T";"LE";"3457997.73381191"
"2014-Q4";"N";"T";"LE1";"555652.18477066"
"2014-Q4";"N";"T";"LX";"-43196.2525197"
"2014-Q4";"N";"T";"T";"-25059.27253997"
"2014-Q4";"N";"T";"K";"-18136.71812604"
"2014-Q4";"N";"T";"K7";
"2014-Q4";"N";"T";"K7A";
"2014-Q4";"N";"T";"K7B";
"2014-Q4";"N";"T";"KA";
"2014-Q4";"N";"T";"LE";"512455.92725096"
"2014-Q4";"A";"T";"LE1";"4013649.91858257"
"2014-Q4";"A";"T";"LX";"175942.22436256"
"2014-Q4";"A";"T";"T";
"2014-Q4";"A";"T";"K";
"2014-Q4";"A";"T";"K7";
"2014-Q4";"A";"T";"K7A";
"2014-Q4";"A";"T";"K7B";
"2014-Q4";"A";"T";"KA";
"2014-Q4";"A";"T";"LE";"4189592.14294513"
"2014-Q4";"P";"T";"LE1";"3457997.73381191"
"2014-Q4";"P";"T";"LX";"219138.47688226"
"2014-Q4";"P";"T";"T";
"2014-Q4";"P";"T";"K";
"2014-Q4";"P";"T";"K7";
"2014-Q4";"P";"T";"K7A";
"2014-Q4";"P";"T";"K7B";
"2014-Q4";"P";"T";"KA";
"2014-Q4";"P";"T";"LE";"3677136.21569417"
"2015-Q1";"N";"T";"LE1";"512455.92725096"
"2015-Q1";"N";"T";"LX";"-129163.21994401"
"2015-Q1";"N";"T";"T";"-1984.05097424"
"2015-Q1";"N";"T";"K";"-127178.97939957"
"2015-Q1";"N";"T";"K7";
"2015-Q1";"N";"T";"K7A";
"2015-Q1";"N";"T";"K7B";
"2015-Q1";"N";"T";"KA";
"2015-Q1";"N";"T";"LE";"383292.71130713"
"2015-Q1";"A";"T";"LE1";"4189592.14294513"
"2015-Q1";"A";"T";"LX";"-56378.76627317"
"2015-Q1";"A";"T";"T";
"2015-Q1";"A";"T";"K";
"2015-Q1";"A";"T";"K7";
"2015-Q1";"A";"T";"K7A";
"2015-Q1";"A";"T";"K7B";
"2015-Q1";"A";"T";"KA";
"2015-Q1";"A";"T";"LE";"4133213.37567213"
"2015-Q1";"P";"T";"LE1";"3677136.21569417"
"2015-Q1";"P";"T";"LX";"72784.45367084"
"2015-Q1";"P";"T";"T";
"2015-Q1";"P";"T";"K";
"2015-Q1";"P";"T";"K7";
"2015-Q1";"P";"T";"K7A";
"2015-Q1";"P";"T";"K7B";
"2015-Q1";"P";"T";"KA";
"2015-Q1";"P";"T";"LE";"3749920.66436501"
"2015-Q2";"N";"T";"LE1";"383292.71130713"
"2015-Q2";"N";"T";"LX";"18412.84574381"
"2015-Q2";"N";"T";"T";"18595.62340963"
"2015-Q2";"N";"T";"K";"-183.61485491"
"2015-Q2";"N";"T";"K7";
"2015-Q2";"N";"T";"K7A";
"2015-Q2";"N";"T";"K7B";
"2015-Q2";"N";"T";"KA";
"2015-Q2";"N";"T";"LE";"401705.55605094"
"2015-Q2";"A";"T";"LE1";"4133213.37567213"
"2015-Q2";"A";"T";"LX";"-64768.6776604"
"2015-Q2";"A";"T";"T";
"2015-Q2";"A";"T";"K";
"2015-Q2";"A";"T";"K7";
"2015-Q2";"A";"T";"K7A";
"2015-Q2";"A";"T";"K7B";
"2015-Q2";"A";"T";"KA";
"2015-Q2";"A";"T";"LE";"4068444.69801173"
"2015-Q2";"P";"T";"LE1";"3749920.66436501"
"2015-Q2";"P";"T";"LX";"-83181.52340421"
"2015-Q2";"P";"T";"T";
"2015-Q2";"P";"T";"K";
"2015-Q2";"P";"T";"K7";
"2015-Q2";"P";"T";"K7A";
"2015-Q2";"P";"T";"K7B";
"2015-Q2";"P";"T";"KA";
"2015-Q2";"P";"T";"LE";"3666739.14196079"
"2015-Q3";"N";"T";"LE1";"401705.55605094"
"2015-Q3";"N";"T";"LX";"105413.85790861"
"2015-Q3";"N";"T";"T";"24112.5806377"
"2015-Q3";"N";"T";"K";"81301.08922216"
"2015-Q3";"N";"T";"K7";
"2015-Q3";"N";"T";"K7A";
"2015-Q3";"N";"T";"K7B";
"2015-Q3";"N";"T";"KA";
"2015-Q3";"N";"T";"LE";"507119.41095955"
"2015-Q3";"A";"T";"LE1";"4068444.69801173"
"2015-Q3";"A";"T";"LX";"139596.91409499"
"2015-Q3";"A";"T";"T";
"2015-Q3";"A";"T";"K";
"2015-Q3";"A";"T";"K7";
"2015-Q3";"A";"T";"K7A";
"2015-Q3";"A";"T";"K7B";
"2015-Q3";"A";"T";"KA";
"2015-Q3";"A";"T";"LE";"4208041.61410673"
"2015-Q3";"P";"T";"LE1";"3666739.14196079"
"2015-Q3";"P";"T";"LX";"34183.05618639"
"2015-Q3";"P";"T";"T";
"2015-Q3";"P";"T";"K";
"2015-Q3";"P";"T";"K7";
"2015-Q3";"P";"T";"K7A";
"2015-Q3";"P";"T";"K7B";
"2015-Q3";"P";"T";"KA";
"2015-Q3";"P";"T";"LE";"3700922.20314718"
"2015-Q4";"N";"T";"LE1";"507119.41095955"
"2015-Q4";"N";"T";"LX";"-13023.47749522"
"2015-Q4";"N";"T";"T";"-3590.89518723"
"2015-Q4";"N";"T";"K";"-9431.77226957"
"2015-Q4";"N";"T";"K7";
"2015-Q4";"N";"T";"K7A";
"2015-Q4";"N";"T";"K7B";
"2015-Q4";"N";"T";"KA";
"2015-Q4";"N";"T";"LE";"494095.92946433"
"2015-Q4";"A";"T";"LE1";"4208041.61410673"
"2015-Q4";"A";"T";"LX";"127383.72301347"
"2015-Q4";"A";"T";"T";
"2015-Q4";"A";"T";"K";
"2015-Q4";"A";"T";"K7";
"2015-Q4";"A";"T";"K7A";
"2015-Q4";"A";"T";"K7B";
"2015-Q4";"A";"T";"KA";
"2015-Q4";"A";"T";"LE";"4335425.3321202"
"2015-Q4";"P";"T";"LE1";"3700922.20314718"
"2015-Q4";"P";"T";"LX";"140407.20050869"
"2015-Q4";"P";"T";"T";
"2015-Q4";"P";"T";"K";
"2015-Q4";"P";"T";"K7";
"2015-Q4";"P";"T";"K7A";
"2015-Q4";"P";"T";"K7B";
"2015-Q4";"P";"T";"KA";
"2015-Q4";"P";"T";"LE";"3841329.40265587"
"2016-Q1";"N";"T";"LE1";"494095.92946433"
"2016-Q1";"N";"T";"LX";"59773.14556883"
"2016-Q1";"N";"T";"T";"2599.98913659"
"2016-Q1";"N";"T";"K";"57173.15668224"
"2016-Q1";"N";"T";"K7";
"2016-Q1";"N";"T";"K7A";
"2016-Q1";"N";"T";"K7B";
"2016-Q1";"N";"T";"KA";
"2016-Q1";"N";"T";"LE";"553869.08103316"
"2016-Q1";"A";"T";"LE1";"4335425.3321202"
"2016-Q1";"A";"T";"LX";"29962.77408469"
"2016-Q1";"A";"T";"T";
"2016-Q1";"A";"T";"K";
"2016-Q1";"A";"T";"K7";
"2016-Q1";"A";"T";"K7A";
"2016-Q1";"A";"T";"K7B";
"2016-Q1";"A";"T";"KA";
"2016-Q1";"A";"T";"LE";"4365388.11020489"
"2016-Q1";"P";"T";"LE1";"3841329.40265587"
"2016-Q1";"P";"T";"LX";"-29810.37148414"
"2016-Q1";"P";"T";"T";
"2016-Q1";"P";"T";"K";
"2016-Q1";"P";"T";"K7";
"2016-Q1";"P";"T";"K7A";
"2016-Q1";"P";"T";"K7B";
"2016-Q1";"P";"T";"KA";
"2016-Q1";"P";"T";"LE";"3811519.02917173"
"2016-Q2";"N";"T";"LE1";"553869.08103316"
"2016-Q2";"N";"T";"LX";"13101.58445138"
"2016-Q2";"N";"T";"T";"-412.99068623"
"2016-Q2";"N";"T";"K";"13514.57441727"
"2016-Q2";"N";"T";"K7";
"2016-Q2";"N";"T";"K7A";
"2016-Q2";"N";"T";"K7B";
"2016-Q2";"N";"T";"KA";
"2016-Q2";"N";"T";"LE";"566970.66248453"
"2016-Q2";"A";"T";"LE1";"4365388.11020489"
"2016-Q2";"A";"T";"LX";"157271.8554299"
"2016-Q2";"A";"T";"T";
"2016-Q2";"A";"T";"K";
"2016-Q2";"A";"T";"K7";
"2016-Q2";"A";"T";"K7A";
"2016-Q2";"A";"T";"K7B";
"2016-Q2";"A";"T";"KA";
"2016-Q2";"A";"T";"LE";"4522659.96763479"
"2016-Q2";"P";"T";"LE1";"3811519.02917173"
"2016-Q2";"P";"T";"LX";"144170.27097853"
"2016-Q2";"P";"T";"T";
"2016-Q2";"P";"T";"K";
"2016-Q2";"P";"T";"K7";
"2016-Q2";"P";"T";"K7A";
"2016-Q2";"P";"T";"K7B";
"2016-Q2";"P";"T";"KA";
"2016-Q2";"P";"T";"LE";"3955689.30515026"
"2016-Q3";"N";"T";"LE1";"566970.66248453"
"2016-Q3";"N";"T";"LX";"22919.2783173"
"2016-Q3";"N";"T";"T";"33786.89312464"
"2016-Q3";"N";"T";"K";"-10867.61455734"
"2016-Q3";"N";"T";"K7";
"2016-Q3";"N";"T";"K7A";
"2016-Q3";"N";"T";"K7B";
"2016-Q3";"N";"T";"KA";
"2016-Q3";"N";"T";"LE";"589889.93980184"
"2016-Q3";"A";"T";"LE1";"4522659.96763479"
"2016-Q3";"A";"T";"LX";"140964.84696643"
"2016-Q3";"A";"T";"T";
"2016-Q3";"A";"T";"K";
"2016-Q3";"A";"T";"K7";
"2016-Q3";"A";"T";"K7A";
"2016-Q3";"A";"T";"K7B";
"2016-Q3";"A";"T";"KA";
"2016-Q3";"A";"T";"LE";"4663624.81260123"
"2016-Q3";"P";"T";"LE1";"3955689.30515026"
"2016-Q3";"P";"T";"LX";"118045.56864913"
"2016-Q3";"P";"T";"T";
"2016-Q3";"P";"T";"K";
"2016-Q3";"P";"T";"K7";
"2016-Q3";"P";"T";"K7A";
"2016-Q3";"P";"T";"K7B";
"2016-Q3";"P";"T";"KA";
"2016-Q3";"P";"T";"LE";"4073734.87279939"
"2016-Q4";"N";"T";"LE1";"589889.93980184"
"2016-Q4";"N";"T";"LX";"33590.79265419"
"2016-Q4";"N";"T";"T";"36619.59690639"
"2016-Q4";"N";"T";"K";"-3028.80600558"
"2016-Q4";"N";"T";"K7";
"2016-Q4";"N";"T";"K7A";
"2016-Q4";"N";"T";"K7B";
"2016-Q4";"N";"T";"KA";
"2016-Q4";"N";"T";"LE";"623480.74345603"
"2016-Q4";"A";"T";"LE1";"4663624.81260123"
"2016-Q4";"A";"T";"LX";"185722.88875652"
"2016-Q4";"A";"T";"T";
"2016-Q4";"A";"T";"K";
"2016-Q4";"A";"T";"K7";
"2016-Q4";"A";"T";"K7A";
"2016-Q4";"A";"T";"K7B";
"2016-Q4";"A";"T";"KA";
"2016-Q4";"A";"T";"LE";"4849347.70735775"
"2016-Q4";"P";"T";"LE1";"4073734.87279939"
"2016-Q4";"P";"T";"LX";"152132.09610233"
"2016-Q4";"P";"T";"T";
"2016-Q4";"P";"T";"K";
"2016-Q4";"P";"T";"K7";
"2016-Q4";"P";"T";"K7A";
"2016-Q4";"P";"T";"K7B";
"2016-Q4";"P";"T";"KA";
"2016-Q4";"P";"T";"LE";"4225866.96390172"
"2017-Q1";"N";"T";"LE1";"623480.74345603"
"2017-Q1";"N";"T";"LX";"-25776.83659983"
"2017-Q1";"N";"T";"T";"16682.23157226"
"2017-Q1";"N";"T";"K";"-42458.98012197"
"2017-Q1";"N";"T";"K7";
"2017-Q1";"N";"T";"K7A";
"2017-Q1";"N";"T";"K7B";
"2017-Q1";"N";"T";"KA";
"2017-Q1";"N";"T";"LE";"597703.90585621"
"2017-Q1";"A";"T";"LE1";"4849347.70735775"
"2017-Q1";"A";"T";"LX";"30959.94091631"
"2017-Q1";"A";"T";"T";
"2017-Q1";"A";"T";"K";
"2017-Q1";"A";"T";"K7";
"2017-Q1";"A";"T";"K7A";
"2017-Q1";"A";"T";"K7B";
"2017-Q1";"A";"T";"KA";
"2017-Q1";"A";"T";"LE";"4880307.64727405"
"2017-Q1";"P";"T";"LE1";"4225866.96390172"
"2017-Q1";"P";"T";"LX";"56736.77751613"
"2017-Q1";"P";"T";"T";
"2017-Q1";"P";"T";"K";
"2017-Q1";"P";"T";"K7";
"2017-Q1";"P";"T";"K7A";
"2017-Q1";"P";"T";"K7B";
"2017-Q1";"P";"T";"KA";
"2017-Q1";"P";"T";"LE";"4282603.74141785"
"2017-Q2";"N";"T";"LE1";"597703.90585621"
"2017-Q2";"N";"T";"LX";"-13549.14010734"
"2017-Q2";"N";"T";"T";"20730.46842191"
"2017-Q2";"N";"T";"K";"-34279.5184906"
"2017-Q2";"N";"T";"K7";
"2017-Q2";"N";"T";"K7A";
"2017-Q2";"N";"T";"K7B";
"2017-Q2";"N";"T";"KA";
"2017-Q2";"N";"T";"LE";"584154.76074886"
"2017-Q2";"A";"T";"LE1";"4880307.64727405"
"2017-Q2";"A";"T";"LX";"45312.51166384"
"2017-Q2";"A";"T";"T";
"2017-Q2";"A";"T";"K";
"2017-Q2";"A";"T";"K7";
"2017-Q2";"A";"T";"K7A";
"2017-Q2";"A";"T";"K7B";
"2017-Q2";"A";"T";"KA";
"2017-Q2";"A";"T";"LE";"4925620.15293789"
"2017-Q2";"P";"T";"LE1";"4282603.74141785"
"2017-Q2";"P";"T";"LX";"58861.65177118"
"2017-Q2";"P";"T";"T";
"2017-Q2";"P";"T";"K";
"2017-Q2";"P";"T";"K7";
"2017-Q2";"P";"T";"K7A";
"2017-Q2";"P";"T";"K7B";
"2017-Q2";"P";"T";"KA";
"2017-Q2";"P";"T";"LE";"4341465.39218903"
"2017-Q3";"N";"T";"LE1";"584154.76074886"
"2017-Q3";"N";"T";"LX";"82389.10114072"
"2017-Q3";"N";"T";"T";"2274.40982161"
"2017-Q3";"N";"T";"K";"80114.78229964"
"2017-Q3";"N";"T";"K7";
"2017-Q3";"N";"T";"K7A";
"2017-Q3";"N";"T";"K7B";
"2017-Q3";"N";"T";"KA";
"2017-Q3";"N";"T";"LE";"666543.85788958"
"2017-Q3";"A";"T";"LE1";"4925620.15293789"
"2017-Q3";"A";"T";"LX";"125223.82793544"
"2017-Q3";"A";"T";"T";
"2017-Q3";"A";"T";"K";
"2017-Q3";"A";"T";"K7";
"2017-Q3";"A";"T";"K7A";
"2017-Q3";"A";"T";"K7B";
"2017-Q3";"A";"T";"KA";
"2017-Q3";"A";"T";"LE";"5050843.98287333"
"2017-Q3";"P";"T";"LE1";"4341465.39218903"
"2017-Q3";"P";"T";"LX";"42834.72679472"
"2017-Q3";"P";"T";"T";
"2017-Q3";"P";"T";"K";
"2017-Q3";"P";"T";"K7";
"2017-Q3";"P";"T";"K7A";
"2017-Q3";"P";"T";"K7B";
"2017-Q3";"P";"T";"KA";
"2017-Q3";"P";"T";"LE";"4384300.12498374"
"2017-Q4";"N";"T";"LE1";"666543.85788958"
"2017-Q4";"N";"T";"LX";"18932.99105426"
"2017-Q4";"N";"T";"T";"-16290.41649821"
"2017-Q4";"N";"T";"K";"35223.49660663"
"2017-Q4";"N";"T";"K7";
"2017-Q4";"N";"T";"K7A";
"2017-Q4";"N";"T";"K7B";
"2017-Q4";"N";"T";"KA";
"2017-Q4";"N";"T";"LE";"685476.84694385"
"2017-Q4";"A";"T";"LE1";"5050843.98287333"
"2017-Q4";"A";"T";"LX";"111339.57543544"
"2017-Q4";"A";"T";"T";
"2017-Q4";"A";"T";"K";
"2017-Q4";"A";"T";"K7";
"2017-Q4";"A";"T";"K7A";
"2017-Q4";"A";"T";"K7B";
"2017-Q4";"A";"T";"KA";
"2017-Q4";"A";"T";"LE";"5162183.55430877"
"2017-Q4";"P";"T";"LE1";"4384300.12498374"
"2017-Q4";"P";"T";"LX";"92406.58438117"
"2017-Q4";"P";"T";"T";
"2017-Q4";"P";"T";"K";
"2017-Q4";"P";"T";"K7";
"2017-Q4";"P";"T";"K7A";
"2017-Q4";"P";"T";"K7B";
"2017-Q4";"P";"T";"KA";
"2017-Q4";"P";"T";"LE";"4476706.70736492"
"2018-Q1";"N";"T";"LE1";"685476.84694385"
"2018-Q1";"N";"T";"LX";"27858.86674875"
"2018-Q1";"N";"T";"T";"8508.29902023"
"2018-Q1";"N";"T";"K";"19350.56772852"
"2018-Q1";"N";"T";"K7";
"2018-Q1";"N";"T";"K7A";
"2018-Q1";"N";"T";"K7B";
"2018-Q1";"N";"T";"KA";
"2018-Q1";"N";"T";"LE";"713335.7196926"
"2018-Q1";"A";"T";"LE1";"5162183.55430877"
"2018-Q1";"A";"T";"LX";"-22909.58342723"
"2018-Q1";"A";"T";"T";
"2018-Q1";"A";"T";"K";
"2018-Q1";"A";"T";"K7";
"2018-Q1";"A";"T";"K7A";
"2018-Q1";"A";"T";"K7B";
"2018-Q1";"A";"T";"KA";
"2018-Q1";"A";"T";"LE";"5139273.97088153"
"2018-Q1";"P";"T";"LE1";"4476706.70736492"
"2018-Q1";"P";"T";"LX";"-50768.45017599"
"2018-Q1";"P";"T";"T";
"2018-Q1";"P";"T";"K";
"2018-Q1";"P";"T";"K7";
"2018-Q1";"P";"T";"K7A";
"2018-Q1";"P";"T";"K7B";
"2018-Q1";"P";"T";"KA";
"2018-Q1";"P";"T";"LE";"4425938.25118893"
"2018-Q2";"N";"T";"LE1";"713335.7196926"
"2018-Q2";"N";"T";"LX";"45286.72832534"
"2018-Q2";"N";"T";"T";"11488.54902421"
"2018-Q2";"N";"T";"K";"33798.18028658"
"2018-Q2";"N";"T";"K7";
"2018-Q2";"N";"T";"K7A";
"2018-Q2";"N";"T";"K7B";
"2018-Q2";"N";"T";"KA";
"2018-Q2";"N";"T";"LE";"758622.44701795"
"2018-Q2";"A";"T";"LE1";"5139273.97088153"
"2018-Q2";"A";"T";"LX";"19729.30165452"
"2018-Q2";"A";"T";"T";
"2018-Q2";"A";"T";"K";
"2018-Q2";"A";"T";"K7";
"2018-Q2";"A";"T";"K7A";
"2018-Q2";"A";"T";"K7B";
"2018-Q2";"A";"T";"KA";
"2018-Q2";"A";"T";"LE";"5159003.27353606"
"2018-Q2";"P";"T";"LE1";"4425938.25118893"
"2018-Q2";"P";"T";"LX";"-25557.42667082"
"2018-Q2";"P";"T";"T";
"2018-Q2";"P";"T";"K";
"2018-Q2";"P";"T";"K7";
"2018-Q2";"P";"T";"K7A";
"2018-Q2";"P";"T";"K7B";
"2018-Q2";"P";"T";"KA";
"2018-Q2";"P";"T";"LE";"4400380.82651811"
"2018-Q3";"N";"T";"LE1";"758622.44701795"
"2018-Q3";"N";"T";"LX";"-32896.21552936"
"2018-Q3";"N";"T";"T";"49130.8524759"
"2018-Q3";"N";"T";"K";"-82027.06800527"
"2018-Q3";"N";"T";"K7";
"2018-Q3";"N";"T";"K7A";
"2018-Q3";"N";"T";"K7B";
"2018-Q3";"N";"T";"KA";
"2018-Q3";"N";"T";"LE";"725726.23248858"
"2018-Q3";"A";"T";"LE1";"5159003.27353606"
"2018-Q3";"A";"T";"LX";"-58132.89501777"
"2018-Q3";"A";"T";"T";
"2018-Q3";"A";"T";"K";
"2018-Q3";"A";"T";"K7";
"2018-Q3";"A";"T";"K7A";
"2018-Q3";"A";"T";"K7B";
"2018-Q3";"A";"T";"KA";
"2018-Q3";"A";"T";"LE";"5100870.38551829"
"2018-Q3";"P";"T";"LE1";"4400380.82651811"
"2018-Q3";"P";"T";"LX";"-25236.6794884"
"2018-Q3";"P";"T";"T";
"2018-Q3";"P";"T";"K";
"2018-Q3";"P";"T";"K7";
"2018-Q3";"P";"T";"K7A";
"2018-Q3";"P";"T";"K7B";
"2018-Q3";"P";"T";"KA";
"2018-Q3";"P";"T";"LE";"4375144.15302971"
"2018-Q4";"N";"T";"LE1";"725726.23248858"
"2018-Q4";"N";"T";"LX";"75404.95250787"
"2018-Q4";"N";"T";"T";"22555.28789619"
"2018-Q4";"N";"T";"K";"52849.66361638"
"2018-Q4";"N";"T";"K7";
"2018-Q4";"N";"T";"K7A";
"2018-Q4";"N";"T";"K7B";
"2018-Q4";"N";"T";"KA";
"2018-Q4";"N";"T";"LE";"801131.18299646"
"2018-Q4";"A";"T";"LE1";"5100870.38551829"
"2018-Q4";"A";"T";"LX";"-47697.470923"
"2018-Q4";"A";"T";"T";
"2018-Q4";"A";"T";"K";
"2018-Q4";"A";"T";"K7";
"2018-Q4";"A";"T";"K7A";
"2018-Q4";"A";"T";"K7B";
"2018-Q4";"A";"T";"KA";
"2018-Q4";"A";"T";"LE";"5053172.91059529"
"2018-Q4";"P";"T";"LE1";"4375144.15302971"
"2018-Q4";"P";"T";"LX";"-123102.42343087"
"2018-Q4";"P";"T";"T";
"2018-Q4";"P";"T";"K";
"2018-Q4";"P";"T";"K7";
"2018-Q4";"P";"T";"K7A";
"2018-Q4";"P";"T";"K7B";
"2018-Q4";"P";"T";"KA";
"2018-Q4";"P";"T";"LE";"4252041.72759883"
"2019-Q1";"N";"T";"LE1";"801131.18299646"
"2019-Q1";"N";"T";"LX";"-41035.31682757"
"2019-Q1";"N";"T";"T";"-3100.01793239"
"2019-Q1";"N";"T";"K";"-37935.29889518"
"2019-Q1";"N";"T";"K7";
"2019-Q1";"N";"T";"K7A";
"2019-Q1";"N";"T";"K7B";
"2019-Q1";"N";"T";"KA";
"2019-Q1";"N";"T";"LE";"760095.86616889"
"2019-Q1";"A";"T";"LE1";"5053172.91059529"
"2019-Q1";"A";"T";"LX";"92837.13447157"
"2019-Q1";"A";"T";"T";
"2019-Q1";"A";"T";"K";
"2019-Q1";"A";"T";"K7";
"2019-Q1";"A";"T";"K7A";
"2019-Q1";"A";"T";"K7B";
"2019-Q1";"A";"T";"KA";
"2019-Q1";"A";"T";"LE";"5146010.04606686"
"2019-Q1";"P";"T";"LE1";"4252041.72759883"
"2019-Q1";"P";"T";"LX";"133872.45129914"
"2019-Q1";"P";"T";"T";
"2019-Q1";"P";"T";"K";
"2019-Q1";"P";"T";"K7";
"2019-Q1";"P";"T";"K7A";
"2019-Q1";"P";"T";"K7B";
"2019-Q1";"P";"T";"KA";
"2019-Q1";"P";"T";"LE";"4385914.17989797"
"2019-Q2";"N";"T";"LE1";"760095.86616889"
"2019-Q2";"N";"T";"LX";"-53369.46827168"
"2019-Q2";"N";"T";"T";"12720.87880168"
"2019-Q2";"N";"T";"K";"-66090.34807628"
"2019-Q2";"N";"T";"K7";
"2019-Q2";"N";"T";"K7A";
"2019-Q2";"N";"T";"K7B";
"2019-Q2";"N";"T";"KA";
"2019-Q2";"N";"T";"LE";"706726.40289721"
"2019-Q2";"A";"T";"LE1";"5146010.04606686"
"2019-Q2";"A";"T";"LX";"13482.36488092"
"2019-Q2";"A";"T";"T";
"2019-Q2";"A";"T";"K";
"2019-Q2";"A";"T";"K7";
"2019-Q2";"A";"T";"K7A";
"2019-Q2";"A";"T";"K7B";
"2019-Q2";"A";"T";"KA";
"2019-Q2";"A";"T";"LE";"5159492.41294778"
"2019-Q2";"P";"T";"LE1";"4385914.17989797"
"2019-Q2";"P";"T";"LX";"66851.8331526"
"2019-Q2";"P";"T";"T";
"2019-Q2";"P";"T";"K";
"2019-Q2";"P";"T";"K7";
"2019-Q2";"P";"T";"K7A";
"2019-Q2";"P";"T";"K7B";
"2019-Q2";"P";"T";"KA";
"2019-Q2";"P";"T";"LE";"4452766.01005057"
"2019-Q3";"N";"T";"LE1";"706726.40289721"
"2019-Q3";"N";"T";"LX";"-31497.40531977"
"2019-Q3";"N";"T";"T";"460.50558204"
"2019-Q3";"N";"T";"K";"-31957.95323111"
"2019-Q3";"N";"T";"K7";
"2019-Q3";"N";"T";"K7A";
"2019-Q3";"N";"T";"K7B";
"2019-Q3";"N";"T";"KA";
"2019-Q3";"N";"T";"LE";"675228.99357744"
"2019-Q3";"A";"T";"LE1";"5159492.41294778"
"2019-Q3";"A";"T";"LX";"64444.47488213"
"2019-Q3";"A";"T";"T";
"2019-Q3";"A";"T";"K";
"2019-Q3";"A";"T";"K7";
"2019-Q3";"A";"T";"K7A";
"2019-Q3";"A";"T";"K7B";
"2019-Q3";"A";"T";"KA";
"2019-Q3";"A";"T";"LE";"5223936.88482991"
"2019-Q3";"P";"T";"LE1";"4452766.01005057"
"2019-Q3";"P";"T";"LX";"95941.8802019"
"2019-Q3";"P";"T";"T";
"2019-Q3";"P";"T";"K";
"2019-Q3";"P";"T";"K7";
"2019-Q3";"P";"T";"K7A";
"2019-Q3";"P";"T";"K7B";
"2019-Q3";"P";"T";"KA";
"2019-Q3";"P";"T";"LE";"4548707.89125247"
"2019-Q4";"N";"T";"LE1";"675228.99357744"
"2019-Q4";"N";"T";"LX";"-13435.85864673"
"2019-Q4";"N";"T";"T";"31312.31522857"
"2019-Q4";"N";"T";"K";"-44748.58244095"
"2019-Q4";"N";"T";"K7";
"2019-Q4";"N";"T";"K7A";
"2019-Q4";"N";"T";"K7B";
"2019-Q4";"N";"T";"KA";
"2019-Q4";"N";"T";"LE";"661793.13093071"
"2019-Q4";"A";"T";"LE1";"5223936.88482991"
"2019-Q4";"A";"T";"LX";"96712.72074411"
"2019-Q4";"A";"T";"T";
"2019-Q4";"A";"T";"K";
"2019-Q4";"A";"T";"K7";
"2019-Q4";"A";"T";"K7A";
"2019-Q4";"A";"T";"K7B";
"2019-Q4";"A";"T";"KA";
"2019-Q4";"A";"T";"LE";"5320649.60257402"
"2019-Q4";"P";"T";"LE1";"4548707.89125247"
"2019-Q4";"P";"T";"LX";"110148.57939084"
"2019-Q4";"P";"T";"T";
"2019-Q4";"P";"T";"K";
"2019-Q4";"P";"T";"K7";
"2019-Q4";"P";"T";"K7A";
"2019-Q4";"P";"T";"K7B";
"2019-Q4";"P";"T";"KA";
"2019-Q4";"P";"T";"LE";"4658856.47164331"
"2020-Q1";"N";"T";"LE1";"661793.13093071"
"2020-Q1";"N";"T";"LX";"9577.26209962"
"2020-Q1";"N";"T";"T";"18069.86091142"
"2020-Q1";"N";"T";"K";"-8492.5965618"
"2020-Q1";"N";"T";"K7";
"2020-Q1";"N";"T";"K7A";
"2020-Q1";"N";"T";"K7B";
"2020-Q1";"N";"T";"KA";
"2020-Q1";"N";"T";"LE";"671370.39503033"
"2020-Q1";"A";"T";"LE1";"5320649.60257402"
"2020-Q1";"A";"T";"LX";"-116103.76453814"
"2020-Q1";"A";"T";"T";
"2020-Q1";"A";"T";"K";
"2020-Q1";"A";"T";"K7";
"2020-Q1";"A";"T";"K7A";
"2020-Q1";"A";"T";"K7B";
"2020-Q1";"A";"T";"KA";
"2020-Q1";"A";"T";"LE";"5204545.83903588"
"2020-Q1";"P";"T";"LE1";"4658856.47164331"
"2020-Q1";"P";"T";"LX";"-125681.02663777"
"2020-Q1";"P";"T";"T";
"2020-Q1";"P";"T";"K";
"2020-Q1";"P";"T";"K7";
"2020-Q1";"P";"T";"K7A";
"2020-Q1";"P";"T";"K7B";
"2020-Q1";"P";"T";"KA";
"2020-Q1";"P";"T";"LE";"4533175.44400555"
"2020-Q2";"N";"T";"LE1";"671370.39503033"
"2020-Q2";"N";"T";"LX";"51707.59337799"
"2020-Q2";"N";"T";"T";"11234.25061256"
"2020-Q2";"N";"T";"K";"40473.34597925"
"2020-Q2";"N";"T";"K7";
"2020-Q2";"N";"T";"K7A";
"2020-Q2";"N";"T";"K7B";
"2020-Q2";"N";"T";"KA";
"2020-Q2";"N";"T";"LE";"723077.99340832"
"2020-Q2";"A";"T";"LE1";"5204545.83903588"
"2020-Q2";"A";"T";"LX";"19501.26472665"
"2020-Q2";"A";"T";"T";
"2020-Q2";"A";"T";"K";
"2020-Q2";"A";"T";"K7";
"2020-Q2";"A";"T";"K7A";
"2020-Q2";"A";"T";"K7B";
"2020-Q2";"A";"T";"KA";
"2020-Q2";"A";"T";"LE";"5224047.10776253"
"2020-Q2";"P";"T";"LE1";"4533175.44400555"
"2020-Q2";"P";"T";"LX";"-32206.32865134"
"2020-Q2";"P";"T";"T";
"2020-Q2";"P";"T";"K";
"2020-Q2";"P";"T";"K7";
"2020-Q2";"P";"T";"K7A";
"2020-Q2";"P";"T";"K7B";
"2020-Q2";"P";"T";"KA";
"2020-Q2";"P";"T";"LE";"4500969.1143542"
"2020-Q3";"N";"T";"LE1";"723077.99340832"
"2020-Q3";"N";"T";"LX";"71614.71529822"
"2020-Q3";"N";"T";"T";"10508.50128645"
"2020-Q3";"N";"T";"K";"61106.21718178"
"2020-Q3";"N";"T";"K7";
"2020-Q3";"N";"T";"K7A";
"2020-Q3";"N";"T";"K7B";
"2020-Q3";"N";"T";"KA";
"2020-Q3";"N";"T";"LE";"794692.70370655"
"2020-Q3";"A";"T";"LE1";"5224047.10776253"
"2020-Q3";"A";"T";"LX";"82308.63849421"
"2020-Q3";"A";"T";"T";
"2020-Q3";"A";"T";"K";
"2020-Q3";"A";"T";"K7";
"2020-Q3";"A";"T";"K7A";
"2020-Q3";"A";"T";"K7B";
"2020-Q3";"A";"T";"KA";
"2020-Q3";"A";"T";"LE";"5306355.74525674"
"2020-Q3";"P";"T";"LE1";"4500969.1143542"
"2020-Q3";"P";"T";"LX";"10693.92319599"
"2020-Q3";"P";"T";"T";
"2020-Q3";"P";"T";"K";
"2020-Q3";"P";"T";"K7";
"2020-Q3";"P";"T";"K7A";
"2020-Q3";"P";"T";"K7B";
"2020-Q3";"P";"T";"KA";
"2020-Q3";"P";"T";"LE";"4511663.04155019"
"2020-Q4";"N";"T";"LE1";"794692.70370655"
"2020-Q4";"N";"T";"LX";"5077.20888105"
"2020-Q4";"N";"T";"T";"-661.94189416"
"2020-Q4";"N";"T";"K";"5738.99699804"
"2020-Q4";"N";"T";"K7";
"2020-Q4";"N";"T";"K7A";
"2020-Q4";"N";"T";"K7B";
"2020-Q4";"N";"T";"KA";
"2020-Q4";"N";"T";"LE";"799769.76656043"
"2020-Q4";"A";"T";"LE1";"5306355.74525674"
"2020-Q4";"A";"T";"LX";"52326.86707548"
"2020-Q4";"A";"T";"T";
"2020-Q4";"A";"T";"K";
"2020-Q4";"A";"T";"K7";
"2020-Q4";"A";"T";"K7A";
"2020-Q4";"A";"T";"K7B";
"2020-Q4";"A";"T";"KA";
"2020-Q4";"A";"T";"LE";"5358682.61133222"
"2020-Q4";"P";"T";"LE1";"4511663.04155019"
"2020-Q4";"P";"T";"LX";"47249.65819443"
"2020-Q4";"P";"T";"T";
"2020-Q4";"P";"T";"K";
"2020-Q4";"P";"T";"K7";
"2020-Q4";"P";"T";"K7A";
"2020-Q4";"P";"T";"K7B";
"2020-Q4";"P";"T";"KA";
"2020-Q4";"P";"T";"LE";"4558912.84477179"
"2021-Q1";"N";"T";"LE1";"799769.76656043"
"2021-Q1";"N";"T";"LX";"136099.90281885"
"2021-Q1";"N";"T";"T";"11773.69044871"
"2021-Q1";"N";"T";"K";"124326.28789706"
"2021-Q1";"N";"T";"K7";
"2021-Q1";"N";"T";"K7A";
"2021-Q1";"N";"T";"K7B";
"2021-Q1";"N";"T";"KA";
"2021-Q1";"N";"T";"LE";"935869.81940645"
"2021-Q1";"A";"T";"LE1";"5358682.61133222"
"2021-Q1";"A";"T";"LX";"301470.21795602"
"2021-Q1";"A";"T";"T";
"2021-Q1";"A";"T";"K";
"2021-Q1";"A";"T";"K7";
"2021-Q1";"A";"T";"K7A";
"2021-Q1";"A";"T";"K7B";
"2021-Q1";"A";"T";"KA";
"2021-Q1";"A";"T";"LE";"5660152.83028824"
"2021-Q1";"P";"T";"LE1";"4558912.84477179"
"2021-Q1";"P";"T";"LX";"165370.31513717"
"2021-Q1";"P";"T";"T";
"2021-Q1";"P";"T";"K";
"2021-Q1";"P";"T";"K7";
"2021-Q1";"P";"T";"K7A";
"2021-Q1";"P";"T";"K7B";
"2021-Q1";"P";"T";"KA";
"2021-Q1";"P";"T";"LE";"4724283.01088179"
"2021-Q2";"N";"T";"LE1";"935869.81940645"
"2021-Q2";"N";"T";"LX";"-23906.13497417"
"2021-Q2";"N";"T";"T";"22105.48054276"
"2021-Q2";"N";"T";"K";"-46011.68701718"
"2021-Q2";"N";"T";"K7";
"2021-Q2";"N";"T";"K7A";
"2021-Q2";"N";"T";"K7B";
"2021-Q2";"N";"T";"KA";
"2021-Q2";"N";"T";"LE";"911963.67943228"
"2021-Q2";"A";"T";"LE1";"5660152.83028824"
"2021-Q2";"A";"T";"LX";"39552.18449301"
"2021-Q2";"A";"T";"T";
"2021-Q2";"A";"T";"K";
"2021-Q2";"A";"T";"K7";
"2021-Q2";"A";"T";"K7A";
"2021-Q2";"A";"T";"K7B";
"2021-Q2";"A";"T";"KA";
"2021-Q2";"A";"T";"LE";"5699705.01278125"
"2021-Q2";"P";"T";"LE1";"4724283.01088179"
"2021-Q2";"P";"T";"LX";"63458.31946718"
"2021-Q2";"P";"T";"T";
"2021-Q2";"P";"T";"K";
"2021-Q2";"P";"T";"K7";
"2021-Q2";"P";"T";"K7A";
"2021-Q2";"P";"T";"K7B";
"2021-Q2";"P";"T";"KA";
"2021-Q2";"P";"T";"LE";"4787741.33334897"
"2021-Q3";"N";"T";"LE1";"911963.67943228"
"2021-Q3";"N";"T";"LX";"36019.34039409"
"2021-Q3";"N";"T";"T";"10611.33773174"
"2021-Q3";"N";"T";"K";"25407.93299847"
"2021-Q3";"N";"T";"K7";
"2021-Q3";"N";"T";"K7A";
"2021-Q3";"N";"T";"K7B";
"2021-Q3";"N";"T";"KA";
"2021-Q3";"N";"T";"LE";"947983.02282637"
"2021-Q3";"A";"T";"LE1";"5699705.01278125"
"2021-Q3";"A";"T";"LX";"22711.27118364"
"2021-Q3";"A";"T";"T";
"2021-Q3";"A";"T";"K";
"2021-Q3";"A";"T";"K7";
"2021-Q3";"A";"T";"K7A";
"2021-Q3";"A";"T";"K7B";
"2021-Q3";"A";"T";"KA";
"2021-Q3";"A";"T";"LE";"5722416.28396489"
"2021-Q3";"P";"T";"LE1";"4787741.33334897"
"2021-Q3";"P";"T";"LX";"-13308.06921045"
"2021-Q3";"P";"T";"T";
"2021-Q3";"P";"T";"K";
"2021-Q3";"P";"T";"K7";
"2021-Q3";"P";"T";"K7A";
"2021-Q3";"P";"T";"K7B";
"2021-Q3";"P";"T";"KA";
"2021-Q3";"P";"T";"LE";"4774433.26113852"
"2021-Q4";"N";"T";"LE1";"947983.02282637"
"2021-Q4";"N";"T";"LX";"-149205.70280631"
"2021-Q4";"N";"T";"T";"14850.78214205"
"2021-Q4";"N";"T";"K";"-164056.55552696"
"2021-Q4";"N";"T";"K7";
"2021-Q4";"N";"T";"K7A";
"2021-Q4";"N";"T";"K7B";
"2021-Q4";"N";"T";"KA";
"2021-Q4";"N";"T";"LE";"798777.31502006"
"2021-Q4";"A";"T";"LE1";"5722416.28396489"
"2021-Q4";"A";"T";"LX";"-60877.51487555"
"2021-Q4";"A";"T";"T";
"2021-Q4";"A";"T";"K";
"2021-Q4";"A";"T";"K7";
"2021-Q4";"A";"T";"K7A";
"2021-Q4";"A";"T";"K7B";
"2021-Q4";"A";"T";"KA";
"2021-Q4";"A";"T";"LE";"5661538.76708934"
"2021-Q4";"P";"T";"LE1";"4774433.26113852"
"2021-Q4";"P";"T";"LX";"88328.18793076"
"2021-Q4";"P";"T";"T";
"2021-Q4";"P";"T";"K";
"2021-Q4";"P";"T";"K7";
"2021-Q4";"P";"T";"K7A";
"2021-Q4";"P";"T";"K7B";
"2021-Q4";"P";"T";"KA";
"2021-Q4";"P";"T";"LE";"4862761.45206928"
"2022-Q1";"N";"T";"LE1";"798777.31502006"
"2022-Q1";"N";"T";"LX";"-19548.09888631"
"2022-Q1";"N";"T";"T";"6757.80436389"
"2022-Q1";"N";"T";"K";"-26305.90417408"
"2022-Q1";"N";"T";"K7";
"2022-Q1";"N";"T";"K7A";
"2022-Q1";"N";"T";"K7B";
"2022-Q1";"N";"T";"KA";
"2022-Q1";"N";"T";"LE";"779229.22213375"
"2022-Q1";"A";"T";"LE1";"5661538.76708934"
"2022-Q1";"A";"T";"LX";"-16968.39548948"
"2022-Q1";"A";"T";"T";
"2022-Q1";"A";"T";"K";
"2022-Q1";"A";"T";"K7";
"2022-Q1";"A";"T";"K7A";
"2022-Q1";"A";"T";"K7B";
"2022-Q1";"A";"T";"KA";
"2022-Q1";"A";"T";"LE";"5644570.37159985"
"2022-Q1";"P";"T";"LE1";"4862761.45206928"
"2022-Q1";"P";"T";"LX";"2579.70339683"
"2022-Q1";"P";"T";"T";
"2022-Q1";"P";"T";"K";
"2022-Q1";"P";"T";"K7";
"2022-Q1";"P";"T";"K7A";
"2022-Q1";"P";"T";"K7B";
"2022-Q1";"P";"T";"KA";
"2022-Q1";"P";"T";"LE";"4865341.14946611"
"2022-Q2";"N";"T";"LE1";"779229.22213375"
"2022-Q2";"N";"T";"LX";"-9443.53829161"
"2022-Q2";"N";"T";"T";"4695.56861939"
"2022-Q2";"N";"T";"K";"-14139.10184583"
"2022-Q2";"N";"T";"K7";
"2022-Q2";"N";"T";"K7A";
"2022-Q2";"N";"T";"K7B";
"2022-Q2";"N";"T";"KA";
"2022-Q2";"N";"T";"LE";"769785.68719533"
"2022-Q2";"A";"T";"LE1";"5644570.37159985"
"2022-Q2";"A";"T";"LX";"-163957.27639661"
"2022-Q2";"A";"T";"T";
"2022-Q2";"A";"T";"K";
"2022-Q2";"A";"T";"K7";
"2022-Q2";"A";"T";"K7A";
"2022-Q2";"A";"T";"K7B";
"2022-Q2";"A";"T";"KA";
"2022-Q2";"A";"T";"LE";"5480613.08971342"
"2022-Q2";"P";"T";"LE1";"4865341.14946611"
"2022-Q2";"P";"T";"LX";"-154513.738105"
"2022-Q2";"P";"T";"T";
"2022-Q2";"P";"T";"K";
"2022-Q2";"P";"T";"K7";
"2022-Q2";"P";"T";"K7A";
"2022-Q2";"P";"T";"K7B";
"2022-Q2";"P";"T";"KA";
"2022-Q2";"P";"T";"LE";"4710827.4025181"
"2022-Q3";"N";"T";"LE1";"769785.68719533"
"2022-Q3";"N";"T";"LX";"-31673.71774469"
"2022-Q3";"N";"T";"T";"13104.46817046"
"2022-Q3";"N";"T";"K";"-44778.19012832"
"2022-Q3";"N";"T";"K7";
"2022-Q3";"N";"T";"K7A";
"2022-Q3";"N";"T";"K7B";
"2022-Q3";"N";"T";"KA";
"2022-Q3";"N";"T";"LE";"738111.96309745"
"2022-Q3";"A";"T";"LE1";"5480613.08971342"
"2022-Q3";"A";"T";"LX";"-119769.53086491"
"2022-Q3";"A";"T";"T";
"2022-Q3";"A";"T";"K";
"2022-Q3";"A";"T";"K7";
"2022-Q3";"A";"T";"K7A";
"2022-Q3";"A";"T";"K7B";
"2022-Q3";"A";"T";"KA";
"2022-Q3";"A";"T";"LE";"5360843.56733833"
"2022-Q3";"P";"T";"LE1";"4710827.4025181"
"2022-Q3";"P";"T";"LX";"-88095.81312023"
"2022-Q3";"P";"T";"T";
"2022-Q3";"P";"T";"K";
"2022-Q3";"P";"T";"K7";
"2022-Q3";"P";"T";"K7A";
"2022-Q3";"P";"T";"K7B";
"2022-Q3";"P";"T";"KA";
"2022-Q3";"P";"T";"LE";"4622731.60424088"
"2022-Q4";"N";"T";"LE1";"738111.96309745"
"2022-Q4";"N";"T";"LX";"-4810.96459603"
"2022-Q4";"N";"T";"T";"21644.41973192"
"2022-Q4";"N";"T";"K";"-26455.38529153"
"2022-Q4";"N";"T";"K7";
"2022-Q4";"N";"T";"K7A";
"2022-Q4";"N";"T";"K7B";
"2022-Q4";"N";"T";"KA";
"2022-Q4";"N";"T";"LE";"733301.00050141"
"2022-Q4";"A";"T";"LE1";"5360843.56733833"
"2022-Q4";"A";"T";"LX";"-109398.98792375"
"2022-Q4";"A";"T";"T";
"2022-Q4";"A";"T";"K";
"2022-Q4";"A";"T";"K7";
"2022-Q4";"A";"T";"K7A";
"2022-Q4";"A";"T";"K7B";
"2022-Q4";"A";"T";"KA";
"2022-Q4";"A";"T";"LE";"5251444.58041458"
"2022-Q4";"P";"T";"LE1";"4622731.60424088"
"2022-Q4";"P";"T";"LX";"-104588.02332772"
"2022-Q4";"P";"T";"T";
"2022-Q4";"P";"T";"K";
"2022-Q4";"P";"T";"K7";
"2022-Q4";"P";"T";"K7A";
"2022-Q4";"P";"T";"K7B";
"2022-Q4";"P";"T";"KA";
"2022-Q4";"P";"T";"LE";"4518143.57991317"
"2023-Q1";"N";"T";"LE1";"733301.00050141"
"2023-Q1";"N";"T";"LX";"36386.26154521"
"2023-Q1";"N";"T";"T";"-13476.65895064"
"2023-Q1";"N";"T";"K";"49862.92049585"
"2023-Q1";"N";"T";"K7";
"2023-Q1";"N";"T";"K7A";
"2023-Q1";"N";"T";"K7B";
"2023-Q1";"N";"T";"KA";
"2023-Q1";"N";"T";"LE";"769687.26304663"
"2023-Q1";"A";"T";"LE1";"5251444.58041458"
"2023-Q1";"A";"T";"LX";"48644.59247922"
"2023-Q1";"A";"T";"T";
"2023-Q1";"A";"T";"K";
"2023-Q1";"A";"T";"K7";
"2023-Q1";"A";"T";"K7A";
"2023-Q1";"A";"T";"K7B";
"2023-Q1";"A";"T";"KA";
"2023-Q1";"A";"T";"LE";"5300089.1718938"
"2023-Q1";"P";"T";"LE1";"4518143.57991317"
"2023-Q1";"P";"T";"LX";"12258.33093401"
"2023-Q1";"P";"T";"T";
"2023-Q1";"P";"T";"K";
"2023-Q1";"P";"T";"K7";
"2023-Q1";"P";"T";"K7A";
"2023-Q1";"P";"T";"K7B";
"2023-Q1";"P";"T";"KA";
"2023-Q1";"P";"T";"LE";"4530401.90884717"
"2023-Q2";"N";"T";"LE1";"769687.26304663"
"2023-Q2";"N";"T";"LX";"4418.64168289"
"2023-Q2";"N";"T";"T";"31483.26516449"
"2023-Q2";"N";"T";"K";"-27064.62168388"
"2023-Q2";"N";"T";"K7";
"2023-Q2";"N";"T";"K7A";
"2023-Q2";"N";"T";"K7B";
"2023-Q2";"N";"T";"KA";
"2023-Q2";"N";"T";"LE";"774105.90172952"
"2023-Q2";"A";"T";"LE1";"5300089.1718938"
"2023-Q2";"A";"T";"LX";"-96828.05519288"
"2023-Q2";"A";"T";"T";
"2023-Q2";"A";"T";"K";
"2023-Q2";"A";"T";"K7";
"2023-Q2";"A";"T";"K7A";
"2023-Q2";"A";"T";"K7B";
"2023-Q2";"A";"T";"KA";
"2023-Q2";"A";"T";"LE";"5203261.11370093"
"2023-Q2";"P";"T";"LE1";"4530401.90884717"
"2023-Q2";"P";"T";"LX";"-101246.69687577"
"2023-Q2";"P";"T";"T";
"2023-Q2";"P";"T";"K";
"2023-Q2";"P";"T";"K7";
"2023-Q2";"P";"T";"K7A";
"2023-Q2";"P";"T";"K7B";
"2023-Q2";"P";"T";"KA";
"2023-Q2";"P";"T";"LE";"4429155.2119714"
"2023-Q3";"N";"T";"LE1";"774105.90172952"
"2023-Q3";"N";"T";"LX";"57447.66848881"
"2023-Q3";"N";"T";"T";"28265.84314013"
"2023-Q3";"N";"T";"K";"29181.82623221"
"2023-Q3";"N";"T";"K7";
"2023-Q3";"N";"T";"K7A";
"2023-Q3";"N";"T";"K7B";
"2023-Q3";"N";"T";"KA";
"2023-Q3";"N";"T";"LE";"831553.57221833"
"2023-Q3";"A";"T";"LE1";"5203261.11370093"
"2023-Q3";"A";"T";"LX";"-50776.23098338"
"2023-Q3";"A";"T";"T";
"2023-Q3";"A";"T";"K";
"2023-Q3";"A";"T";"K7";
"2023-Q3";"A";"T";"K7A";
"2023-Q3";"A";"T";"K7B";
"2023-Q3";"A";"T";"KA";
"2023-Q3";"A";"T";"LE";"5152484.88471754"
"2023-Q3";"P";"T";"LE1";"4429155.2119714"
"2023-Q3";"P";"T";"LX";"-108223.89947219"
"2023-Q3";"P";"T";"T";
"2023-Q3";"P";"T";"K";
"2023-Q3";"P";"T";"K7";
"2023-Q3";"P";"T";"K7A";
"2023-Q3";"P";"T";"K7B";
"2023-Q3";"P";"T";"KA";
"2023-Q3";"P";"T";"LE";"4320931.31249921"
"2023-Q4";"N";"T";"LE1";"831553.57221833"
"2023-Q4";"N";"T";"LX";"-36724.53001462"
"2023-Q4";"N";"T";"T";"7996.44687556"
"2023-Q4";"N";"T";"K";"-44720.97866364"
"2023-Q4";"N";"T";"K7";
"2023-Q4";"N";"T";"K7A";
"2023-Q4";"N";"T";"K7B";
"2023-Q4";"N";"T";"KA";
"2023-Q4";"N";"T";"LE";"794829.04220371"
"2023-Q4";"A";"T";"LE1";"5152484.88471754"
"2023-Q4";"A";"T";"LX";"-187076.4222963"
"2023-Q4";"A";"T";"T";
"2023-Q4";"A";"T";"K";
"2023-Q4";"A";"T";"K7";
"2023-Q4";"A";"T";"K7A";
"2023-Q4";"A";"T";"K7B";
"2023-Q4";"A";"T";"KA";
"2023-Q4";"A";"T";"LE";"4965408.46042124"
"2023-Q4";"P";"T";"LE1";"4320931.31249921"
"2023-Q4";"P";"T";"LX";"-150351.89228168"
"2023-Q4";"P";"T";"T";
"2023-Q4";"P";"T";"K";
"2023-Q4";"P";"T";"K7";
"2023-Q4";"P";"T";"K7A";
"2023-Q4";"P";"T";"K7B";
"2023-Q4";"P";"T";"KA";
"2023-Q4";"P";"T";"LE";"4170579.41821753"
"2024-Q1";"N";"T";"LE1";"794829.04220371"
"2024-Q1";"N";"T";"LX";"162748.88421783"
"2024-Q1";"N";"T";"T";"14611.82322184"
"2024-Q1";"N";"T";"K";"148137.06012568"
"2024-Q1";"N";"T";"K7";
"2024-Q1";"N";"T";"K7A";
"2024-Q1";"N";"T";"K7B";
"2024-Q1";"N";"T";"KA";
"2024-Q1";"N";"T";"LE";"957577.92042154"
"2024-Q1";"A";"T";"LE1";"4965408.46042124"
"2024-Q1";"A";"T";"LX";"327892.62417816"
"2024-Q1";"A";"T";"T";
"2024-Q1";"A";"T";"K";
"2024-Q1";"A";"T";"K7";
"2024-Q1";"A";"T";"K7A";
"2024-Q1";"A";"T";"K7B";
"2024-Q1";"A";"T";"KA";
"2024-Q1";"A";"T";"LE";"5293301.0855994"
"2024-Q1";"P";"T";"LE1";"4170579.41821753"
"2024-Q1";"P";"T";"LX";"165143.73996033"
"2024-Q1";"P";"T";"T";
"2024-Q1";"P";"T";"K";
"2024-Q1";"P";"T";"K7";
"2024-Q1";"P";"T";"K7A";
"2024-Q1";"P";"T";"K7B";
"2024-Q1";"P";"T";"KA";
"2024-Q1";"P";"T";"LE";"4335723.16517786"
