"CubeId";"auvekoma"
"PublishingDate";"2025-03-24 09:00"

"Date";"D0";"D1";"Value"
"1985";"A";"T0";"533563.9"
"1985";"A";"T1";"57873.2"
"1985";"A";"B0";"42714.4"
"1985";"A";"K0";"15158.8"
"1985";"A";"T2";"200487.7"
"1985";"A";"S0T";"152221.6"
"1985";"A";"STK";"2032"
"1985";"A";"STL";"150189.6"
"1985";"A";"T3";"48266.1"
"1985";"A";"A";"48266.1"
"1985";"A";"K1";"0"
"1985";"A";"D";
"1985";"A";"T4";"225158"
"1985";"A";"T5";"156916"
"1985";"A";"N0";"0"
"1985";"A";"TB1";"142874"
"1985";"A";"FGB";"99094"
"1985";"A";"OH0";"538"
"1985";"A";"US0";"13504"
"1985";"A";"T6";"68187"
"1985";"A";"N1";"0"
"1985";"A";"TB2";"56285"
"1985";"A";"FGK";"56285"
"1985";"A";"OH1";"814"
"1985";"A";"US1";"11088"
"1985";"A";"UA";"55"
"1985";"A";"T7";"50045"
"1985";"A";"G";"11904"
"1985";"A";"RIWF";"1127"
"1985";"A";"S1";"7"
"1985";"A";"T8";"36789"
"1985";"A";"W";"36789"
"1985";"A";"BE";"0"
"1985";"A";"U";"218"
"1985";"P";"T0";"324924.21276081"
"1985";"P";"T1";"36092.1"
"1985";"P";"B0";"29946"
"1985";"P";"K0";"6146.1"
"1985";"P";"T2";"99462"
"1985";"P";"S0T";"11390"
"1985";"P";"STK";"0"
"1985";"P";"STL";"11390"
"1985";"P";"T3";"88072"
"1985";"P";"A";"72376"
"1985";"P";"K1";"15696"
"1985";"P";"D";
"1985";"P";"T4";"189370.11276081"
"1985";"P";"T5";"127629.2884"
"1985";"P";"N0";"4152.2884"
"1985";"P";"TB1";"123477"
"1985";"P";"VGB";"81924"
"1985";"P";"VGK";"41553"
"1985";"P";"OH0";
"1985";"P";"US0";"0"
"1985";"P";"T6";"18479"
"1985";"P";"N1";
"1985";"P";"OH1";"0"
"1985";"P";"US1";"18479"
"1985";"P";"UP";"43261.82436081"
"1985";"N";"T0";"208639.68723919"
"1985";"N";"T1";"21781.1"
"1985";"N";"T2";"101025.7"
"1985";"N";"D";
"1985";"N";"T4";"35787.88723919"
"1985";"N";"T7";"50045"
"1986";"A";"T0";"561977.3"
"1986";"A";"T1";"63726.7"
"1986";"A";"B0";"46031"
"1986";"A";"K0";"17695.7"
"1986";"A";"T2";"219521.1"
"1986";"A";"S0T";"165715"
"1986";"A";"STK";"2447"
"1986";"A";"STL";"163268"
"1986";"A";"T3";"53806.1"
"1986";"A";"A";"53806.1"
"1986";"A";"K1";"0"
"1986";"A";"D";
"1986";"A";"T4";"230563.5"
"1986";"A";"T5";"165424.6"
"1986";"A";"N0";"0"
"1986";"A";"TB1";"151275"
"1986";"A";"FGB";"109037"
"1986";"A";"OH0";"903"
"1986";"A";"US0";"13246.6"
"1986";"A";"T6";"65075.9"
"1986";"A";"N1";"0"
"1986";"A";"TB2";"52978"
"1986";"A";"FGK";"52978"
"1986";"A";"OH1";"819"
"1986";"A";"US1";"11278.9"
"1986";"A";"UA";"63"
"1986";"A";"T7";"48166"
"1986";"A";"G";"11904"
"1986";"A";"RIWF";"740"
"1986";"A";"S1";"0"
"1986";"A";"T8";"35381"
"1986";"A";"W";"35381"
"1986";"A";"BE";"0"
"1986";"A";"U";"141"
"1986";"P";"T0";"370411.82825641"
"1986";"P";"T1";"48351.7"
"1986";"P";"B0";"40851.9"
"1986";"P";"K0";"7499.8"
"1986";"P";"T2";"119938"
"1986";"P";"S0T";"10990"
"1986";"P";"STK";"0"
"1986";"P";"STL";"10990"
"1986";"P";"T3";"108948"
"1986";"P";"A";"89447"
"1986";"P";"K1";"19501"
"1986";"P";"D";
"1986";"P";"T4";"202122.12825641"
"1986";"P";"T5";"136616.5512"
"1986";"P";"N0";"4349.5512"
"1986";"P";"TB1";"132267"
"1986";"P";"VGB";"84440"
"1986";"P";"VGK";"47827"
"1986";"P";"OH0";
"1986";"P";"US0";"0"
"1986";"P";"T6";"21567.1"
"1986";"P";"N1";
"1986";"P";"OH1";"0"
"1986";"P";"US1";"21567.1"
"1986";"P";"UP";"43938.47705641"
"1986";"N";"T0";"191565.47174359"
"1986";"N";"T1";"15375"
"1986";"N";"T2";"99583.1"
"1986";"N";"D";
"1986";"N";"T4";"28441.37174359"
"1986";"N";"T7";"48166"
"1987";"A";"T0";"583999.3"
"1987";"A";"T1";"66724.3"
"1987";"A";"B0";"47939"
"1987";"A";"K0";"18785.3"
"1987";"A";"T2";"219816.1"
"1987";"A";"S0T";"173245"
"1987";"A";"STK";"2599"
"1987";"A";"STL";"170646"
"1987";"A";"T3";"46571.1"
"1987";"A";"A";"46571.1"
"1987";"A";"K1";"0"
"1987";"A";"D";
"1987";"A";"T4";"248096.9"
"1987";"A";"T5";"178019.3"
"1987";"A";"N0";"0"
"1987";"A";"TB1";"163747"
"1987";"A";"FGB";"118190"
"1987";"A";"OH0";"384"
"1987";"A";"US0";"13888.3"
"1987";"A";"T6";"70011.6"
"1987";"A";"N1";"0"
"1987";"A";"TB2";"56176"
"1987";"A";"FGK";"56176"
"1987";"A";"OH1";"848"
"1987";"A";"US1";"12987.6"
"1987";"A";"UA";"66"
"1987";"A";"T7";"49362"
"1987";"A";"G";"11904"
"1987";"A";"RIWF";"387"
"1987";"A";"S1";"19"
"1987";"A";"T8";"36994"
"1987";"A";"W";"36994"
"1987";"A";"BE";"0"
"1987";"A";"U";"58"
"1987";"P";"T0";"363950.2758765"
"1987";"P";"T1";"52880.3"
"1987";"P";"B0";"44517.2"
"1987";"P";"K0";"8363.1"
"1987";"P";"T2";"98201"
"1987";"P";"S0T";"12398"
"1987";"P";"STK";"0"
"1987";"P";"STL";"12398"
"1987";"P";"T3";"85803"
"1987";"P";"A";"65091"
"1987";"P";"K1";"20712"
"1987";"P";"D";
"1987";"P";"T4";"212868.9758765"
"1987";"P";"T5";"144438.3808"
"1987";"P";"N0";"4485.3808"
"1987";"P";"TB1";"139953"
"1987";"P";"VGB";"89269"
"1987";"P";"VGK";"50684"
"1987";"P";"OH0";
"1987";"P";"US0";"0"
"1987";"P";"T6";"21241.3"
"1987";"P";"N1";
"1987";"P";"OH1";"489"
"1987";"P";"US1";"20752.3"
"1987";"P";"UP";"47189.2950765"
"1987";"N";"T0";"220049.0241235"
"1987";"N";"T1";"13844"
"1987";"N";"T2";"121615.1"
"1987";"N";"D";
"1987";"N";"T4";"35227.9241235"
"1987";"N";"T7";"49362"
"1988";"A";"T0";"670232.1"
"1988";"A";"T1";"82923.4"
"1988";"A";"B0";"60538.5"
"1988";"A";"K0";"22384.9"
"1988";"A";"T2";"265706"
"1988";"A";"S0T";"210225.9"
"1988";"A";"STK";"2363"
"1988";"A";"STL";"207862.9"
"1988";"A";"T3";"55480.1"
"1988";"A";"A";"55480.1"
"1988";"A";"K1";"0"
"1988";"A";"D";
"1988";"A";"T4";"273721.7"
"1988";"A";"T5";"195950.6"
"1988";"A";"N0";"0"
"1988";"A";"TB1";"179268"
"1988";"A";"FGB";"122632"
"1988";"A";"OH0";"178"
"1988";"A";"US0";"16504.6"
"1988";"A";"T6";"77696.1"
"1988";"A";"N1";"0"
"1988";"A";"TB2";"61623"
"1988";"A";"FGK";"61623"
"1988";"A";"OH1";"1207"
"1988";"A";"US1";"14866.1"
"1988";"A";"UA";"75"
"1988";"A";"T7";"47881"
"1988";"A";"G";"11904"
"1988";"A";"RIWF";"204"
"1988";"A";"S1";"30"
"1988";"A";"T8";"35700"
"1988";"A";"W";"35700"
"1988";"A";"BE";"0"
"1988";"A";"U";"43"
"1988";"P";"T0";"411670.92695"
"1988";"P";"T1";"58242.9"
"1988";"P";"B0";"48630.9"
"1988";"P";"K0";"9612"
"1988";"P";"T2";"114647"
"1988";"P";"S0T";"15742"
"1988";"P";"STK";"0"
"1988";"P";"STL";"15742"
"1988";"P";"T3";"98905"
"1988";"P";"A";"72722"
"1988";"P";"K1";"26183"
"1988";"P";"D";
"1988";"P";"T4";"238781.02695"
"1988";"P";"T5";"158595.502"
"1988";"P";"N0";"4841.502"
"1988";"P";"TB1";"153754"
"1988";"P";"VGB";"105745"
"1988";"P";"VGK";"48009"
"1988";"P";"OH0";
"1988";"P";"US0";"0"
"1988";"P";"T6";"25127.3"
"1988";"P";"N1";
"1988";"P";"OH1";"427"
"1988";"P";"US1";"24700.3"
"1988";"P";"UP";"55058.22495"
"1988";"N";"T0";"258561.17305"
"1988";"N";"T1";"24680.5"
"1988";"N";"T2";"151059"
"1988";"N";"D";
"1988";"N";"T4";"34940.67305"
"1988";"N";"T7";"47881"
"1989";"A";"T0";"752895.2"
"1989";"A";"T1";"98349.1"
"1989";"A";"B0";"73000"
"1989";"A";"K0";"25349.1"
"1989";"A";"T2";"288485.1"
"1989";"A";"S0T";"217218"
"1989";"A";"STK";"2636"
"1989";"A";"STL";"214582"
"1989";"A";"T3";"71267.1"
"1989";"A";"A";"71267.1"
"1989";"A";"K1";"0"
"1989";"A";"D";
"1989";"A";"T4";"314326"
"1989";"A";"T5";"209133"
"1989";"A";"N0";"0"
"1989";"A";"TB1";"190020"
"1989";"A";"FGB";"108599"
"1989";"A";"OH0";"146"
"1989";"A";"US0";"18967"
"1989";"A";"T6";"86763"
"1989";"A";"N1";"0"
"1989";"A";"TB2";"67235"
"1989";"A";"FGK";"67235"
"1989";"A";"OH1";"1282"
"1989";"A";"US1";"18246"
"1989";"A";"UA";"18430"
"1989";"A";"T7";"51735"
"1989";"A";"G";"11904"
"1989";"A";"RIWF";"64"
"1989";"A";"S1";"124"
"1989";"A";"T8";"39620"
"1989";"A";"W";"39620"
"1989";"A";"BE";"0"
"1989";"A";"U";"23"
"1989";"P";"T0";"490322.4267"
"1989";"P";"T1";"65431.8"
"1989";"P";"B0";"52152.2"
"1989";"P";"K0";"13279.6"
"1989";"P";"T2";"144837"
"1989";"P";"S0T";"18133"
"1989";"P";"STK";"0"
"1989";"P";"STL";"18133"
"1989";"P";"T3";"126704"
"1989";"P";"A";"99865"
"1989";"P";"K1";"26839"
"1989";"P";"D";
"1989";"P";"T4";"280053.6267"
"1989";"P";"T5";"174558.0764"
"1989";"P";"N0";"4763.0764"
"1989";"P";"TB1";"169795"
"1989";"P";"VGB";"123155"
"1989";"P";"VGK";"46640"
"1989";"P";"OH0";
"1989";"P";"US0";"0"
"1989";"P";"T6";"27260"
"1989";"P";"N1";
"1989";"P";"OH1";"125"
"1989";"P";"US1";"27135"
"1989";"P";"UP";"78235.5503"
"1989";"N";"T0";"262572.7733"
"1989";"N";"T1";"32917.3"
"1989";"N";"T2";"143648.1"
"1989";"N";"D";
"1989";"N";"T4";"34272.3733"
"1989";"N";"T7";"51735"
"1990";"A";"T0";"744818.5"
"1990";"A";"T1";"97471.4"
"1990";"A";"B0";"72959"
"1990";"A";"K0";"24512.4"
"1990";"A";"T2";"248120.1"
"1990";"A";"S0T";"194248"
"1990";"A";"STK";"2578"
"1990";"A";"STL";"191670"
"1990";"A";"T3";"53872.1"
"1990";"A";"A";"53872.1"
"1990";"A";"K1";"0"
"1990";"A";"D";
"1990";"A";"T4";"350000"
"1990";"A";"T5";"216254"
"1990";"A";"N0";"0"
"1990";"A";"TB1";"195799"
"1990";"A";"FGB";"103297"
"1990";"A";"OH0";"173"
"1990";"A";"US0";"20282"
"1990";"A";"T6";"90346"
"1990";"A";"N1";"0"
"1990";"A";"TB2";"68996"
"1990";"A";"FGK";"68996"
"1990";"A";"OH1";"1350"
"1990";"A";"US1";"20000"
"1990";"A";"UA";"43400"
"1990";"A";"T7";"49227"
"1990";"A";"G";"11904"
"1990";"A";"RIWF";"0"
"1990";"A";"S1";"113"
"1990";"A";"T8";"37210"
"1990";"A";"W";"37210"
"1990";"A";"BE";"0"
"1990";"A";"U";"0"
"1990";"P";"T0";"491507.5712"
"1990";"P";"T1";"68785.6"
"1990";"P";"B0";"57500.1"
"1990";"P";"K0";"11285.5"
"1990";"P";"T2";"121497"
"1990";"P";"S0T";"19190"
"1990";"P";"STK";"0"
"1990";"P";"STL";"19190"
"1990";"P";"T3";"102307"
"1990";"P";"A";"80204"
"1990";"P";"K1";"22103"
"1990";"P";"D";
"1990";"P";"T4";"301224.9712"
"1990";"P";"T5";"176982.3804"
"1990";"P";"N0";"4758.3804"
"1990";"P";"TB1";"172224"
"1990";"P";"VGB";"130049"
"1990";"P";"VGK";"42175"
"1990";"P";"OH0";
"1990";"P";"US0";"0"
"1990";"P";"T6";"28000"
"1990";"P";"N1";
"1990";"P";"OH1";"51"
"1990";"P";"US1";"27949"
"1990";"P";"UP";"96242.5908"
"1990";"N";"T0";"253310.9288"
"1990";"N";"T1";"28685.8"
"1990";"N";"T2";"126623.1"
"1990";"N";"D";
"1990";"N";"T4";"48775.0288"
"1990";"N";"T7";"49227"
"1991";"A";"T0";"809013.6"
"1991";"A";"T1";"112738.5"
"1991";"A";"B0";"89089"
"1991";"A";"K0";"23649.5"
"1991";"A";"T2";"291301.1"
"1991";"A";"S0T";"221310"
"1991";"A";"STK";"1737"
"1991";"A";"STL";"219573"
"1991";"A";"T3";"69991.1"
"1991";"A";"A";"69991.1"
"1991";"A";"K1";"0"
"1991";"A";"D";
"1991";"A";"T4";"352623"
"1991";"A";"T5";"213096"
"1991";"A";"N0";"0"
"1991";"A";"TB1";"193570"
"1991";"A";"FGB";"102350"
"1991";"A";"OH0";"155"
"1991";"A";"US0";"19371"
"1991";"A";"T6";"93767"
"1991";"A";"N1";"0"
"1991";"A";"TB2";"71841"
"1991";"A";"FGK";"71841"
"1991";"A";"OH1";"1225"
"1991";"A";"US1";"20701"
"1991";"A";"UA";"45760"
"1991";"A";"T7";"52351"
"1991";"A";"G";"11904"
"1991";"A";"RIWF";"0"
"1991";"A";"S1";"118"
"1991";"A";"T8";"40232"
"1991";"A";"W";"40232"
"1991";"A";"BE";"0"
"1991";"A";"U";"97"
"1991";"P";"T0";"520646.656444"
"1991";"P";"T1";"71711.8"
"1991";"P";"B0";"61141.5"
"1991";"P";"K0";"10570.3"
"1991";"P";"T2";"139784"
"1991";"P";"S0T";"23284"
"1991";"P";"STK";"0"
"1991";"P";"STL";"23284"
"1991";"P";"T3";"116500"
"1991";"P";"A";"93695"
"1991";"P";"K1";"22805"
"1991";"P";"D";
"1991";"P";"T4";"309150.856444"
"1991";"P";"T5";"184516.572"
"1991";"P";"N0";"4709.572"
"1991";"P";"TB1";"179807"
"1991";"P";"VGB";"137082"
"1991";"P";"VGK";"40680"
"1991";"P";"OH0";
"1991";"P";"US0";"0"
"1991";"P";"T6";"27399"
"1991";"P";"N1";
"1991";"P";"OH1";"49"
"1991";"P";"US1";"27350"
"1991";"P";"UP";"97235.284444"
"1991";"N";"T0";"288366.943556"
"1991";"N";"T1";"41026.7"
"1991";"N";"T2";"151517.1"
"1991";"N";"D";
"1991";"N";"T4";"43472.143556"
"1991";"N";"T7";"52351"
"1992";"A";"T0";"861726.1"
"1992";"A";"T1";"115626.1"
"1992";"A";"B0";"91649"
"1992";"A";"K0";"23977.1"
"1992";"A";"T2";"319678"
"1992";"A";"S0T";"237536.9"
"1992";"A";"STK";"1875"
"1992";"A";"STL";"235661.9"
"1992";"A";"T3";"82141.1"
"1992";"A";"A";"82141.1"
"1992";"A";"K1";"0"
"1992";"A";"D";
"1992";"A";"T4";"367225"
"1992";"A";"T5";"224979"
"1992";"A";"N0";"0"
"1992";"A";"TB1";"203895"
"1992";"A";"FGB";"110832"
"1992";"A";"OH0";"78"
"1992";"A";"US0";"21006"
"1992";"A";"T6";"100446"
"1992";"A";"N1";"0"
"1992";"A";"TB2";"75222"
"1992";"A";"FGK";"75222"
"1992";"A";"OH1";"1022"
"1992";"A";"US1";"24202"
"1992";"A";"UA";"41800"
"1992";"A";"T7";"59197"
"1992";"A";"G";"11904"
"1992";"A";"RIWF";"1144"
"1992";"A";"S1";"135"
"1992";"A";"T8";"45858"
"1992";"A";"W";"45858"
"1992";"A";"BE";"0"
"1992";"A";"U";"156"
"1992";"P";"T0";"552744.1054"
"1992";"P";"T1";"69868.1"
"1992";"P";"B0";"62287"
"1992";"P";"K0";"7581.1"
"1992";"P";"T2";"158981"
"1992";"P";"S0T";"26665"
"1992";"P";"STK";"0"
"1992";"P";"STL";"26665"
"1992";"P";"T3";"132316"
"1992";"P";"A";"108409"
"1992";"P";"K1";"23907"
"1992";"P";"D";
"1992";"P";"T4";"323895.0054"
"1992";"P";"T5";"188337.8292"
"1992";"P";"N0";"4700.8292"
"1992";"P";"TB1";"183637"
"1992";"P";"VGB";"140790"
"1992";"P";"VGK";"40621"
"1992";"P";"OH0";
"1992";"P";"US0";"0"
"1992";"P";"T6";"32749"
"1992";"P";"N1";
"1992";"P";"OH1";"166"
"1992";"P";"US1";"32583"
"1992";"P";"UP";"102808.1762"
"1992";"N";"T0";"308981.9946"
"1992";"N";"T1";"45758"
"1992";"N";"T2";"160697"
"1992";"N";"D";
"1992";"N";"T4";"43329.9946"
"1992";"N";"T7";"59197"
"1993";"A";"T0";"966112.9"
"1993";"A";"T1";"143985.7"
"1993";"A";"B0";"113292.3"
"1993";"A";"K0";"30693.4"
"1993";"A";"T2";"400948.5"
"1993";"A";"S0T";"269392.6"
"1993";"A";"STK";"1574"
"1993";"A";"STL";"267818.6"
"1993";"A";"T3";"131555.9"
"1993";"A";"A";"131555.9"
"1993";"A";"K1";"0"
"1993";"A";"D";
"1993";"A";"T4";"360470.5"
"1993";"A";"T5";"217968.9"
"1993";"A";"N0";"0"
"1993";"A";"TB1";"199793"
"1993";"A";"FGB";"121242"
"1993";"A";"OH0";"29.4"
"1993";"A";"US0";"18146.5"
"1993";"A";"T6";"102856.8"
"1993";"A";"N1";"0"
"1993";"A";"TB2";"76324"
"1993";"A";"FGK";"76324"
"1993";"A";"OH1";"1025.8"
"1993";"A";"US1";"25507"
"1993";"A";"UA";"39644.8"
"1993";"A";"T7";"60708.2"
"1993";"A";"G";"11904"
"1993";"A";"RIWF";"1222"
"1993";"A";"S1";"332.7"
"1993";"A";"T8";"47031.1"
"1993";"A";"W";"47031.1"
"1993";"A";"BE";"0"
"1993";"A";"U";"218.4"
"1993";"P";"T0";"643836.994812"
"1993";"P";"T1";"81789.6"
"1993";"P";"B0";"73214"
"1993";"P";"K0";"8575.6"
"1993";"P";"T2";"239902"
"1993";"P";"S0T";"34169"
"1993";"P";"STK";"0"
"1993";"P";"STL";"34169"
"1993";"P";"T3";"205733"
"1993";"P";"A";"165325"
"1993";"P";"K1";"40408"
"1993";"P";"D";
"1993";"P";"T4";"322145.394812"
"1993";"P";"T5";"194391.7372"
"1993";"P";"N0";"4843.7372"
"1993";"P";"TB1";"189548"
"1993";"P";"VGB";"141198"
"1993";"P";"VGK";"47335"
"1993";"P";"OH0";
"1993";"P";"US0";"0"
"1993";"P";"T6";"32723"
"1993";"P";"N1";
"1993";"P";"OH1";"284"
"1993";"P";"US1";"32439"
"1993";"P";"UP";"95030.657612"
"1993";"N";"T0";"322275.905188"
"1993";"N";"T1";"62196.1"
"1993";"N";"T2";"161046.5"
"1993";"N";"D";
"1993";"N";"T4";"38325.105188"
"1993";"N";"T7";"60708.2"
"1994";"A";"T0";"988805"
"1994";"A";"T1";"158310"
"1994";"A";"B0";"125431"
"1994";"A";"K0";"32879"
"1994";"A";"T2";"385379"
"1994";"A";"S0T";"253184"
"1994";"A";"STK";"1336"
"1994";"A";"STL";"251848"
"1994";"A";"T3";"132195"
"1994";"A";"A";"132195"
"1994";"A";"K1";"0"
"1994";"A";"D";
"1994";"A";"T4";"385549"
"1994";"A";"T5";"237733"
"1994";"A";"N0";"0"
"1994";"A";"TB1";"209957"
"1994";"A";"FGB";"133488"
"1994";"A";"OH0";"3"
"1994";"A";"US0";"27773"
"1994";"A";"T6";"109100"
"1994";"A";"N1";"0"
"1994";"A";"TB2";"81055"
"1994";"A";"FGK";"81055"
"1994";"A";"OH1";"1043"
"1994";"A";"US1";"27002"
"1994";"A";"UA";"38716"
"1994";"A";"T7";"59567"
"1994";"A";"G";"11904"
"1994";"A";"RIWF";"1242"
"1994";"A";"S1";"313"
"1994";"A";"T8";"45910"
"1994";"A";"W";"45910"
"1994";"A";"BE";"0"
"1994";"A";"U";"198"
"1994";"P";"T0";"669662.4426"
"1994";"P";"T1";"91561"
"1994";"P";"B0";"79598.4"
"1994";"P";"K0";"11962.6"
"1994";"P";"T2";"212987"
"1994";"P";"S0T";"36301"
"1994";"P";"STK";"0"
"1994";"P";"STL";"36301"
"1994";"P";"T3";"176686"
"1994";"P";"A";"137092"
"1994";"P";"K1";"39594"
"1994";"P";"D";
"1994";"P";"T4";"365114.4426"
"1994";"P";"T5";"228663.7448"
"1994";"P";"N0";"4965.7448"
"1994";"P";"TB1";"223698"
"1994";"P";"VGB";"170836"
"1994";"P";"VGK";"49847"
"1994";"P";"OH0";
"1994";"P";"US0";"0"
"1994";"P";"T6";"41274"
"1994";"P";"N1";
"1994";"P";"OH1";"338"
"1994";"P";"US1";"40936"
"1994";"P";"UP";"95176.6978"
"1994";"N";"T0";"319142.5574"
"1994";"N";"T1";"66749"
"1994";"N";"T2";"172392"
"1994";"N";"D";
"1994";"N";"T4";"20434.5574"
"1994";"N";"T7";"59567"
"1995";"A";"T0";"1003398.8"
"1995";"A";"T1";"177632.7"
"1995";"A";"B0";"141518.4"
"1995";"A";"K0";"36114.3"
"1995";"A";"T2";"399270.1"
"1995";"A";"S0T";"260585.1"
"1995";"A";"STK";"2936"
"1995";"A";"STL";"257649.1"
"1995";"A";"T3";"138685"
"1995";"A";"A";"138685"
"1995";"A";"K1";"0"
"1995";"A";"D";
"1995";"A";"T4";"370605"
"1995";"A";"T5";"231368.66734195"
"1995";"A";"N0";"0"
"1995";"A";"TB1";"209529"
"1995";"A";"FGB";"145026"
"1995";"A";"OH0";"4"
"1995";"A";"US0";"21835.66734195"
"1995";"A";"T6";"109028.33265805"
"1995";"A";"N1";"0"
"1995";"A";"TB2";"65522"
"1995";"A";"FGK";"65522"
"1995";"A";"OH1";"1059"
"1995";"A";"US1";"42447.33265805"
"1995";"A";"UA";"30208"
"1995";"A";"T7";"55891"
"1995";"A";"G";"11904"
"1995";"A";"RIWF";"1688"
"1995";"A";"S1";"312"
"1995";"A";"T8";"41813"
"1995";"A";"W";"41813"
"1995";"A";"BE";"0"
"1995";"A";"U";"174"
"1995";"P";"T0";"695112.395996"
"1995";"P";"T1";"98069.1"
"1995";"P";"B0";"83624.6"
"1995";"P";"K0";"14444.5"
"1995";"P";"T2";"239975"
"1995";"P";"S0T";"33702"
"1995";"P";"STK";"0"
"1995";"P";"STL";"33702"
"1995";"P";"T3";"206273"
"1995";"P";"A";"171170"
"1995";"P";"K1";"35103"
"1995";"P";"D";
"1995";"P";"T4";"357068.295996"
"1995";"P";"T5";"213084.238"
"1995";"P";"N0";"4990.238"
"1995";"P";"TB1";"208094"
"1995";"P";"VGB";"158599"
"1995";"P";"VGK";"48886"
"1995";"P";"OH0";
"1995";"P";"US0";"0"
"1995";"P";"T6";"53190.4"
"1995";"P";"N1";
"1995";"P";"OH1";"653"
"1995";"P";"US1";"52537.4"
"1995";"P";"UP";"90793.657996"
"1995";"N";"T0";"308286.404004"
"1995";"N";"T1";"79563.6"
"1995";"N";"T2";"159295.1"
"1995";"N";"D";
"1995";"N";"T4";"13536.704004"
"1995";"N";"T7";"55891"
"1996";"A";"T0";"1257404.9"
"1996";"A";"T1";"203581.6"
"1996";"A";"B0";"171974.8"
"1996";"A";"K0";"31606.8"
"1996";"A";"T2";"484462.4"
"1996";"A";"S0T";"297417"
"1996";"A";"STK";"4107"
"1996";"A";"STL";"293310"
"1996";"A";"T3";"187045.4"
"1996";"A";"A";"187045.4"
"1996";"A";"K1";"0"
"1996";"A";"D";
"1996";"A";"T4";"505673.7"
"1996";"A";"T5";"339141"
"1996";"A";"N0";"0"
"1996";"A";"TB1";"309922"
"1996";"A";"FGB";"235815"
"1996";"A";"OH0";"0"
"1996";"A";"US0";"29219"
"1996";"A";"T6";"129516.8"
"1996";"A";"N1";"0"
"1996";"A";"TB2";"75891"
"1996";"A";"FGK";"75891"
"1996";"A";"OH1";"982.8"
"1996";"A";"US1";"52643"
"1996";"A";"UA";"37015.9"
"1996";"A";"T7";"63687.2"
"1996";"A";"G";"11904"
"1996";"A";"RIWF";"2067.8"
"1996";"A";"S1";"182.7"
"1996";"A";"T8";"49328.4"
"1996";"A";"W";"49328.4"
"1996";"A";"BE";"0"
"1996";"A";"U";"204.3"
"1996";"P";"T0";"848310.3733"
"1996";"P";"T1";"105847.2"
"1996";"P";"B0";"92034.7"
"1996";"P";"K0";"13812.5"
"1996";"P";"T2";"273830.8"
"1996";"P";"S0T";"36101.8"
"1996";"P";"STK";"0"
"1996";"P";"STL";"36101.8"
"1996";"P";"T3";"237729"
"1996";"P";"A";"200513"
"1996";"P";"K1";"37216"
"1996";"P";"D";
"1996";"P";"T4";"468632.3733"
"1996";"P";"T5";"299688.2544"
"1996";"P";"N0";"5357.7544"
"1996";"P";"TB1";"294330.5"
"1996";"P";"VGB";"230500"
"1996";"P";"VGK";"61899"
"1996";"P";"OH0";
"1996";"P";"US0";"0"
"1996";"P";"T6";"72181.4"
"1996";"P";"N1";
"1996";"P";"OH1";"692.2"
"1996";"P";"US1";"71489.2"
"1996";"P";"UP";"96762.7189"
"1996";"N";"T0";"409094.5267"
"1996";"N";"T1";"97734.4"
"1996";"N";"T2";"210631.6"
"1996";"N";"D";
"1996";"N";"T4";"37041.3267"
"1996";"N";"T7";"63687.2"
"1997";"A";"T0";"1483710.1"
"1997";"A";"T1";"255245.1"
"1997";"A";"B0";"212551.4"
"1997";"A";"K0";"42693.7"
"1997";"A";"T2";"557062.5"
"1997";"A";"S0T";"316300.9"
"1997";"A";"STK";"2557"
"1997";"A";"STL";"313743.9"
"1997";"A";"T3";"240761.6"
"1997";"A";"A";"240761.6"
"1997";"A";"K1";"0"
"1997";"A";"D";
"1997";"A";"T4";"602797.1"
"1997";"A";"T5";"431709.6"
"1997";"A";"N0";"0"
"1997";"A";"TB1";"393577"
"1997";"A";"FGB";"318048"
"1997";"A";"OH0";"0"
"1997";"A";"US0";"38132.6"
"1997";"A";"T6";"127658.7"
"1997";"A";"N1";"0"
"1997";"A";"TB2";"84686"
"1997";"A";"FGK";"84686"
"1997";"A";"OH1";"936"
"1997";"A";"US1";"42036.7"
"1997";"A";"UA";"43428.8"
"1997";"A";"T7";"68605.4"
"1997";"A";"G";"11904"
"1997";"A";"RIWF";"2765"
"1997";"A";"S1";"350.5"
"1997";"A";"T8";"53270.5"
"1997";"A";"W";"53270.5"
"1997";"A";"BE";"0"
"1997";"A";"U";"315.4"
"1997";"P";"T0";"1082597.265384"
"1997";"P";"T1";"122488.9"
"1997";"P";"B0";"103257.9"
"1997";"P";"K0";"19231"
"1997";"P";"T2";"397012.8"
"1997";"P";"S0T";"38258.8"
"1997";"P";"STK";"0"
"1997";"P";"STL";"38258.8"
"1997";"P";"T3";"358754"
"1997";"P";"A";"317331"
"1997";"P";"K1";"41423"
"1997";"P";"D";
"1997";"P";"T4";"563095.565384"
"1997";"P";"T5";"381831.0104"
"1997";"P";"N0";"5333.0104"
"1997";"P";"TB1";"376498"
"1997";"P";"VGB";"301224"
"1997";"P";"VGK";"73664"
"1997";"P";"OH0";
"1997";"P";"US0";"0"
"1997";"P";"T6";"70991"
"1997";"P";"N1";
"1997";"P";"OH1";"867.6"
"1997";"P";"US1";"70123.4"
"1997";"P";"UP";"110273.554984"
"1997";"N";"T0";"401112.834616"
"1997";"N";"T1";"132756.2"
"1997";"N";"T2";"160049.7"
"1997";"N";"D";
"1997";"N";"T4";"39701.534616"
"1997";"N";"T7";"68605.4"
"1998";"A";"T0";"1669456.752"
"1998";"A";"T1";"270615.5"
"1998";"A";"B0";"225260.8"
"1998";"A";"K0";"45354.7"
"1998";"A";"T2";"651793.152"
"1998";"A";"S0T";"363237.325"
"1998";"A";"STK";"8049.673"
"1998";"A";"STL";"355187.652"
"1998";"A";"T3";"288555.827"
"1998";"A";"A";"200659.78"
"1998";"A";"K1";"87896.047"
"1998";"A";"D";
"1998";"A";"T4";"678108.4"
"1998";"A";"T5";"493462.2"
"1998";"A";"N0";"0"
"1998";"A";"TB1";"447387"
"1998";"A";"FGB";"369861"
"1998";"A";"OH0";"0"
"1998";"A";"US0";"46075.2"
"1998";"A";"T6";"137495"
"1998";"A";"N1";"0"
"1998";"A";"TB2";"88027"
"1998";"A";"FGK";"88027"
"1998";"A";"OH1";"853"
"1998";"A";"US1";"48615"
"1998";"A";"UA";"47151.2"
"1998";"A";"T7";"68939.7"
"1998";"A";"G";"11904"
"1998";"A";"RIWF";"3070.6"
"1998";"A";"S1";"390.8"
"1998";"A";"T8";"52806"
"1998";"A";"W";"46485"
"1998";"A";"BE";"6321"
"1998";"A";"U";"768.3"
"1998";"P";"T0";"1223733.2805"
"1998";"P";"T1";"138429.3"
"1998";"P";"B0";"120417.4"
"1998";"P";"K0";"18011.9"
"1998";"P";"T2";"486897.231"
"1998";"P";"S0T";"41040.173"
"1998";"P";"STK";"596.841"
"1998";"P";"STL";"40443.332"
"1998";"P";"T3";"445857.058"
"1998";"P";"A";"389906.712"
"1998";"P";"K1";"55950.346"
"1998";"P";"D";
"1998";"P";"T4";"598406.7495"
"1998";"P";"T5";"405606.6484"
"1998";"P";"N0";"5781.8484"
"1998";"P";"TB1";"399824.8"
"1998";"P";"VGB";"315887"
"1998";"P";"VGK";"82974"
"1998";"P";"OH0";
"1998";"P";"US0";"0"
"1998";"P";"T6";"75621.5"
"1998";"P";"N1";
"1998";"P";"OH1";"861.4"
"1998";"P";"US1";"74760.1"
"1998";"P";"UP";"117178.6011"
"1998";"N";"T0";"445723.4715"
"1998";"N";"T1";"132186.2"
"1998";"N";"T2";"164895.921"
"1998";"N";"D";
"1998";"N";"T4";"79701.6505"
"1998";"N";"T7";"68939.7"
"1999";"A";"T0";"1948554.05258369"
"1999";"A";"T1";"334315.03459784"
"1999";"A";"B0";"267001.73459784"
"1999";"A";"K0";"67313.3"
"1999";"A";"T2";"808026.88506797"
"1999";"A";"S0T";"392138.82806797"
"1999";"A";"STK";"16352.27230018"
"1999";"A";"STL";"375786.55576779"
"1999";"A";"T3";"415888.057"
"1999";"A";"A";"302847.964"
"1999";"A";"K1";"113040.093"
"1999";"A";"D";
"1999";"A";"T4";"736231.29228794"
"1999";"A";"T5";"586898.51228794"
"1999";"A";"N0";"1200.69931894"
"1999";"A";"TB1";"531904"
"1999";"A";"FGB";"447364"
"1999";"A";"OH0";"0"
"1999";"A";"US0";"53793.812969"
"1999";"A";"T6";"148883.98"
"1999";"A";"N1";"306.48"
"1999";"A";"TB2";"99831"
"1999";"A";"FGK";"99831"
"1999";"A";"OH1";"764.7"
"1999";"A";"US1";"47981.8"
"1999";"A";"UA";"448.8"
"1999";"A";"T7";"69980.84062995"
"1999";"A";"G";"11904"
"1999";"A";"RIWF";"2677.64062995"
"1999";"A";"S1";"756.4"
"1999";"A";"T8";"54608.2"
"1999";"A";"W";"43325.58"
"1999";"A";"BE";"11282.62"
"1999";"A";"U";"34.6"
"1999";"P";"T0";"1408901.10289494"
"1999";"P";"T1";"167818.47052594"
"1999";"P";"B0";"143060.70377793"
"1999";"P";"K0";"24757.76674801"
"1999";"P";"T2";"550607.959"
"1999";"P";"S0T";"47922.215"
"1999";"P";"STK";"595.649"
"1999";"P";"STL";"47326.566"
"1999";"P";"T3";"502685.744"
"1999";"P";"A";"430605.065"
"1999";"P";"K1";"72080.679"
"1999";"P";"D";
"1999";"P";"T4";"690474.673369"
"1999";"P";"T5";"559947.0314"
"1999";"P";"N0";"7092.7464"
"1999";"P";"TB1";"552854.285"
"1999";"P";"VGB";"463202"
"1999";"P";"VGK";"84995"
"1999";"P";"OH0";
"1999";"P";"US0";"0"
"1999";"P";"T6";"81069.641969"
"1999";"P";"N1";
"1999";"P";"OH1";"774.3"
"1999";"P";"US1";"80295.341969"
"1999";"P";"UP";"49458"
"1999";"N";"T0";"539652.94968875"
"1999";"N";"T1";"166496.5640719"
"1999";"N";"T2";"257418.92606797"
"1999";"N";"D";
"1999";"N";"T4";"45756.61891894"
"1999";"N";"T7";"69980.84062995"
"2000";"A";"T0";"2220990.68971786"
"2000";"A";"T1";"415767.898"
"2000";"A";"B0";"337562.298"
"2000";"A";"K0";"78205.6"
"2000";"A";"T2";"822028.13455637"
"2000";"A";"S0T";"384634.32555637"
"2000";"A";"STK";"12260.6380872"
"2000";"A";"STL";"372373.68746917"
"2000";"A";"T3";"437393.809"
"2000";"A";"A";"308956.38"
"2000";"A";"K1";"128437.429"
"2000";"A";"D";
"2000";"A";"T4";"895339.06344323"
"2000";"A";"T5";"730131.12632212"
"2000";"A";"N0";"4512.11086612"
"2000";"A";"TB1";"665062"
"2000";"A";"FGB";"561894"
"2000";"A";"OH0";
"2000";"A";"US0";"60557.015456"
"2000";"A";"T6";"164752.63712111"
"2000";"A";"N1";"352.41512111"
"2000";"A";"TB2";"114524"
"2000";"A";"FGK";"114524"
"2000";"A";"OH1";"781"
"2000";"A";"US1";"49095.222"
"2000";"A";"UA";"455.3"
"2000";"A";"T7";"87855.59371826"
"2000";"A";"G";"34724.83799394"
"2000";"A";"RIWF";"2078.76976954"
"2000";"A";"S1";"599.11595478"
"2000";"A";"T8";"50452.87"
"2000";"A";"W";"40026.14"
"2000";"A";"BE";"10426.73"
"2000";"A";"U";"0"
"2000";"P";"T0";"1716248.19647171"
"2000";"P";"T1";"202094.71657171"
"2000";"P";"B0";"163820.21657171"
"2000";"P";"K0";"38274.5"
"2000";"P";"T2";"671354.961"
"2000";"P";"S0T";"46150.202"
"2000";"P";"STK";"941.311"
"2000";"P";"STL";"45208.891"
"2000";"P";"T3";"625204.759"
"2000";"P";"A";"547540.03"
"2000";"P";"K1";"77664.729"
"2000";"P";"D";
"2000";"P";"T4";"842798.5189"
"2000";"P";"T5";"700660.213968"
"2000";"P";"N0";"6895.6288"
"2000";"P";"TB1";"693764.585168"
"2000";"P";"VGB";"614415"
"2000";"P";"VGK";"76524"
"2000";"P";"OH0";
"2000";"P";"US0";
"2000";"P";"T6";"90447.304932"
"2000";"P";"N1";
"2000";"P";"OH1";"675.1"
"2000";"P";"US1";"89772.204932"
"2000";"P";"UP";"51691"
"2000";"N";"T0";"504742.49324615"
"2000";"N";"T1";"213673.18142829"
"2000";"N";"T2";"150673.17355637"
"2000";"N";"D";
"2000";"N";"T4";"52540.54454323"
"2000";"N";"T7";"87855.59371826"
"2001";"A";"T0";"2219367.14381925"
"2001";"A";"T1";"459938.46759227"
"2001";"A";"B0";"379072.06759227"
"2001";"A";"K0";"80866.4"
"2001";"A";"T2";"815964.05701413"
"2001";"A";"S0T";"407201.59501413"
"2001";"A";"STK";"26157.96442828"
"2001";"A";"STL";"381043.63058585"
"2001";"A";"T3";"408762.462"
"2001";"A";"A";"273544.016"
"2001";"A";"K1";"135218.446"
"2001";"A";"D";
"2001";"A";"T4";"856433.58644198"
"2001";"A";"T5";"683255.96344164"
"2001";"A";"N0";"11213.80002564"
"2001";"A";"TB1";"615765"
"2001";"A";"FGB";"518309"
"2001";"A";"OH0";
"2001";"A";"US0";"56277.163416"
"2001";"A";"T6";"172654.09118091"
"2001";"A";"N1";"347.17724891"
"2001";"A";"TB2";"111099"
"2001";"A";"FGK";"111099"
"2001";"A";"OH1";"516.7"
"2001";"A";"US1";"60691.213932"
"2001";"A";"UA";"523.53181943"
"2001";"A";"T7";"87031.03277087"
"2001";"A";"G";"32982.36378009"
"2001";"A";"RIWF";"2665.71592877"
"2001";"A";"S1";"802.12306201"
"2001";"A";"T8";"50580.83"
"2001";"A";"W";"42771.07"
"2001";"A";"BE";"7809.76"
"2001";"A";"U";"0"
"2001";"P";"T0";"1632551.22422929"
"2001";"P";"T1";"210854.53514529"
"2001";"P";"B0";"173892.33514529"
"2001";"P";"K0";"36962.2"
"2001";"P";"T2";"586561.873"
"2001";"P";"S0T";"47011.48"
"2001";"P";"STK";"581.656"
"2001";"P";"STL";"46429.824"
"2001";"P";"T3";"539550.393"
"2001";"P";"A";"463425.902"
"2001";"P";"K1";"76124.491"
"2001";"P";"D";
"2001";"P";"T4";"835134.816084"
"2001";"P";"T5";"680476.3139"
"2001";"P";"N0";"10884.0485"
"2001";"P";"TB1";"669592.2654"
"2001";"P";"VGB";"588922"
"2001";"P";"VGK";"78047"
"2001";"P";"OH0";
"2001";"P";"US0";
"2001";"P";"T6";"101197.502184"
"2001";"P";"N1";
"2001";"P";"OH1";"636.8"
"2001";"P";"US1";"100560.702184"
"2001";"P";"UP";"53461"
"2001";"N";"T0";"586815.91958996"
"2001";"N";"T1";"249083.93244698"
"2001";"N";"T2";"229402.18401413"
"2001";"N";"D";
"2001";"N";"T4";"21298.77035798"
"2001";"N";"T7";"87031.03277087"
"2002";"A";"T0";"2115429.03642835"
"2002";"A";"T1";"446427.924"
"2002";"A";"B0";"366074.424"
"2002";"A";"K0";"80353.5"
"2002";"A";"T2";"724385.48524456"
"2002";"A";"S0T";"421685.75724456"
"2002";"A";"STK";"29850.36676793"
"2002";"A";"STL";"391835.39047663"
"2002";"A";"T3";"302699.728"
"2002";"A";"A";"184468.332"
"2002";"A";"K1";"118231.396"
"2002";"A";"D";
"2002";"A";"T4";"859266.47001353"
"2002";"A";"T5";"708693.17017444"
"2002";"A";"N0";"9067.37017444"
"2002";"A";"TB1";"626077"
"2002";"A";"FGB";"549577"
"2002";"A";"OH0";
"2002";"A";"US0";"73548.8"
"2002";"A";"T6";"150042.06801966"
"2002";"A";"N1";"316.46801966"
"2002";"A";"TB2";"96513"
"2002";"A";"FGK";"96513"
"2002";"A";"OH1";"495.3"
"2002";"A";"US1";"52717.3"
"2002";"A";"UA";"531.23181943"
"2002";"A";"T7";"85349.15717026"
"2002";"A";"G";"29339.5984547"
"2002";"A";"RIWF";"2669.82903421"
"2002";"A";"S1";"398.54968135"
"2002";"A";"T8";"52941.18"
"2002";"A";"W";"47573.14"
"2002";"A";"BE";"5368.04"
"2002";"A";"U";"0"
"2002";"P";"T0";"1542904.27267278"
"2002";"P";"T1";"240280.65297278"
"2002";"P";"B0";"195267.45297278"
"2002";"P";"K0";"45013.2"
"2002";"P";"T2";"485659.72"
"2002";"P";"S0T";"49136.115"
"2002";"P";"STK";"1305.573"
"2002";"P";"STL";"47830.542"
"2002";"P";"T3";"436523.605"
"2002";"P";"A";"374356.155"
"2002";"P";"K1";"62167.45"
"2002";"P";"D";
"2002";"P";"T4";"816963.8997"
"2002";"P";"T5";"660146.1997"
"2002";"P";"N0";"9462.7225"
"2002";"P";"TB1";"650683.4772"
"2002";"P";"VGB";"564670"
"2002";"P";"VGK";"83207"
"2002";"P";"OH0";
"2002";"P";"US0";
"2002";"P";"T6";"101894.7"
"2002";"P";"N1";
"2002";"P";"OH1";"854.5"
"2002";"P";"US1";"101040.2"
"2002";"P";"UP";"54923"
"2002";"N";"T0";"572524.76375557"
"2002";"N";"T1";"206147.27102722"
"2002";"N";"T2";"238725.76524456"
"2002";"N";"D";
"2002";"N";"T4";"42302.57031353"
"2002";"N";"T7";"85349.15717026"
"2003";"A";"T0";"2204493.17848557"
"2003";"A";"T1";"477495.5664289"
"2003";"A";"B0";"386518.2664289"
"2003";"A";"K0";"90977.3"
"2003";"A";"T2";"816256.60272163"
"2003";"A";"S0T";"453033.24672163"
"2003";"A";"STK";"35204.57621037"
"2003";"A";"STL";"417828.67051126"
"2003";"A";"T3";"363223.356"
"2003";"A";"A";"224783.97"
"2003";"A";"K1";"138439.386"
"2003";"A";"D";
"2003";"A";"T4";"824693.53120606"
"2003";"A";"T5";"669696.08485722"
"2003";"A";"N0";"9064.28485722"
"2003";"A";"TB1";"589580"
"2003";"A";"FGB";"526516"
"2003";"A";"OH0";
"2003";"A";"US0";"71051.8"
"2003";"A";"T6";"154460.21452941"
"2003";"A";"N1";"327.21452941"
"2003";"A";"TB2";"99730"
"2003";"A";"FGK";"99730"
"2003";"A";"OH1";"483.6"
"2003";"A";"US1";"53919.4"
"2003";"A";"UA";"537.23181943"
"2003";"A";"T7";"86047.47812898"
"2003";"A";"G";"27128.03288242"
"2003";"A";"RIWF";"2561.88866342"
"2003";"A";"S1";"45.83658314"
"2003";"A";"T8";"56311.72"
"2003";"A";"W";"51045.93"
"2003";"A";"BE";"5265.79"
"2003";"A";"U";"0"
"2003";"P";"T0";"1649979.99479971"
"2003";"P";"T1";"282980.82868971"
"2003";"P";"B0";"216415.42868971"
"2003";"P";"K0";"66565.4"
"2003";"P";"T2";"556790.401"
"2003";"P";"S0T";"58785.435"
"2003";"P";"STK";"1110.327"
"2003";"P";"STL";"57675.108"
"2003";"P";"T3";"498004.966"
"2003";"P";"A";"431847.04"
"2003";"P";"K1";"66157.926"
"2003";"P";"D";
"2003";"P";"T4";"810208.76511"
"2003";"P";"T5";"648734.86511"
"2003";"P";"N0";"9663.02211"
"2003";"P";"TB1";"639071.843"
"2003";"P";"VGB";"535646"
"2003";"P";"VGK";"100887"
"2003";"P";"OH0";
"2003";"P";"US0";
"2003";"P";"T6";"105532.9"
"2003";"P";"N1";
"2003";"P";"OH1";"575.1"
"2003";"P";"US1";"104957.8"
"2003";"P";"UP";"55941"
"2003";"N";"T0";"554513.18368587"
"2003";"N";"T1";"194514.73773919"
"2003";"N";"T2";"259466.20172163"
"2003";"N";"D";
"2003";"N";"T4";"14484.76609606"
"2003";"N";"T7";"86047.47812898"
"2004";"A";"T0";"2315958.63132144"
"2004";"A";"T1";"519370.268"
"2004";"A";"B0";"428731.868"
"2004";"A";"K0";"90638.4"
"2004";"A";"T2";"860284.08910805"
"2004";"A";"S0T";"476139.78310805"
"2004";"A";"STK";"32865.863"
"2004";"A";"STL";"443273.92010805"
"2004";"A";"T3";"384144.306"
"2004";"A";"A";"228173.76"
"2004";"A";"K1";"155970.546"
"2004";"A";"D";"31498"
"2004";"A";"T4";"820343.79644545"
"2004";"A";"T5";"632099.3882841"
"2004";"A";"N0";"8918.1882841"
"2004";"A";"TB1";"548024"
"2004";"A";"FGB";"482693"
"2004";"A";"OH0";
"2004";"A";"US0";"75157.2"
"2004";"A";"T6";"187702.37634192"
"2004";"A";"N1";"291.27634192"
"2004";"A";"TB2";"130852"
"2004";"A";"FGK";"130852"
"2004";"A";"OH1";"473.2"
"2004";"A";"US1";"56085.9"
"2004";"A";"UA";"542.03181943"
"2004";"A";"T7";"84462.47776794"
"2004";"A";"G";"21639.22191131"
"2004";"A";"RIWF";"2035.10882115"
"2004";"A";"S1";"80.09703548"
"2004";"A";"T8";"60708.05"
"2004";"A";"W";"59144"
"2004";"A";"BE";"1564.05"
"2004";"A";"U";"0"
"2004";"P";"T0";"1757195.38535739"
"2004";"P";"T1";"317920.93816239"
"2004";"P";"B0";"247404.83816239"
"2004";"P";"K0";"70516.1"
"2004";"P";"T2";"589478.008"
"2004";"P";"S0T";"72710.998"
"2004";"P";"STK";"1303.354"
"2004";"P";"STL";"71407.644"
"2004";"P";"T3";"516767.01"
"2004";"P";"A";"451125.53"
"2004";"P";"K1";"65641.48"
"2004";"P";"D";"34141"
"2004";"P";"T4";"815655.439195"
"2004";"P";"T5";"652706.139195"
"2004";"P";"N0";"9235.960995"
"2004";"P";"TB1";"643470.1782"
"2004";"P";"VGB";"538622"
"2004";"P";"VGK";"103294"
"2004";"P";"OH0";
"2004";"P";"US0";
"2004";"P";"T6";"106624.3"
"2004";"P";"N1";
"2004";"P";"OH1";"798.1"
"2004";"P";"US1";"105826.2"
"2004";"P";"UP";"56325"
"2004";"N";"T0";"558763.24596405"
"2004";"N";"T1";"201449.32983761"
"2004";"N";"T2";"270806.08110805"
"2004";"N";"D";"-2643"
"2004";"N";"T4";"4688.35725045"
"2004";"N";"T7";"84462.47776794"
"2005";"A";"T0";"2799700.91772642"
"2005";"A";"T1";"647804.218"
"2005";"A";"B0";"540875.518"
"2005";"A";"K0";"106928.7"
"2005";"A";"T2";"1006168.4981754"
"2005";"A";"S0T";"536504.5531754"
"2005";"A";"STK";"42891.646"
"2005";"A";"STL";"493612.9071754"
"2005";"A";"T3";"469663.945"
"2005";"A";"A";"250248.028"
"2005";"A";"K1";"219415.917"
"2005";"A";"D";"32066.3"
"2005";"A";"T4";"1037833.47063717"
"2005";"A";"T5";"784026.43126288"
"2005";"A";"N0";"10302.60629335"
"2005";"A";"TB1";"683619"
"2005";"A";"FGB";"599608"
"2005";"A";"OH0";"8282"
"2005";"A";"US0";"81822.82496953"
"2005";"A";"T6";"253231.20697654"
"2005";"A";"N1";"270.20697654"
"2005";"A";"TB2";"144759"
"2005";"A";"FGK";"144759"
"2005";"A";"OH1";"470"
"2005";"A";"US1";"107732"
"2005";"A";"UA";"575.83239775"
"2005";"A";"T7";"75828.43091385"
"2005";"A";"G";"28050.20195406"
"2005";"A";"RIWF";"1079.79757579"
"2005";"A";"S1";"78.94984122"
"2005";"A";"T8";"46585.45717095"
"2005";"A";"W";"44724.37370436"
"2005";"A";"BE";"1861.08346659"
"2005";"A";"U";"34.02437183"
"2005";"P";"T0";"2197227.94718421"
"2005";"P";"T1";"332164.47512704"
"2005";"P";"B0";"251513.47512704"
"2005";"P";"K0";"80651"
"2005";"P";"T2";"805380.562"
"2005";"P";"S0T";"100271.932"
"2005";"P";"STK";"1378.919"
"2005";"P";"STL";"98893.013"
"2005";"P";"T3";"705108.63"
"2005";"P";"A";"622793.042"
"2005";"P";"K1";"82315.588"
"2005";"P";"D";"43155.9"
"2005";"P";"T4";"1016527.01005717"
"2005";"P";"T5";"787977.21005717"
"2005";"P";"N0";"10015.15265717"
"2005";"P";"TB1";"777668.1414"
"2005";"P";"VGB";"662548"
"2005";"P";"VGK";"112988"
"2005";"P";"OH0";
"2005";"P";"US0";"293.916"
"2005";"P";"T6";"169926.8"
"2005";"P";"N1";
"2005";"P";"OH1";"944.7"
"2005";"P";"US1";"168982.1"
"2005";"P";"UP";"58623"
"2005";"N";"T0";"602472.97054221"
"2005";"N";"T1";"315639.74287296"
"2005";"N";"T2";"200787.9361754"
"2005";"N";"D";"-11089.6"
"2005";"N";"T4";"21306.46058"
"2005";"N";"T7";"75828.43091385"
"2006";"A";"T0";"3125465.10043043"
"2006";"A";"T1";"804647.367"
"2006";"A";"B0";"633458.467"
"2006";"A";"K0";"171188.9"
"2006";"A";"T2";"1139669.7578495"
"2006";"A";"S0T";"625316.9058495"
"2006";"A";"STK";"61501.941"
"2006";"A";"STL";"563814.9648495"
"2006";"A";"T3";"514352.852"
"2006";"A";"A";"263134.708"
"2006";"A";"K1";"251218.144"
"2006";"A";"D";"46244"
"2006";"A";"T4";"1056236.02379121"
"2006";"A";"T5";"781789.26423299"
"2006";"A";"N0";"9548.00925667"
"2006";"A";"TB1";"689018"
"2006";"A";"FGB";"581195"
"2006";"A";"OH0";"8476"
"2006";"A";"US0";"74747.25497632"
"2006";"A";"T6";"273920.12716047"
"2006";"A";"N1";"236.62716047"
"2006";"A";"TB2";"157931"
"2006";"A";"FGK";"157931"
"2006";"A";"OH1";"477.5"
"2006";"A";"US1";"115275"
"2006";"A";"UA";"526.63239775"
"2006";"A";"T7";"78667.95178972"
"2006";"A";"G";"32220.53617655"
"2006";"A";"RIWF";"557.32088438"
"2006";"A";"S1";"330.75284581"
"2006";"A";"T8";"45591.92103793"
"2006";"A";"W";"43556.64001207"
"2006";"A";"BE";"2035.28102586"
"2006";"A";"U";"-32.57915495"
"2006";"P";"T0";"2528255.43062528"
"2006";"P";"T1";"466622.43159087"
"2006";"P";"B0";"324075.93159087"
"2006";"P";"K0";"142546.5"
"2006";"P";"T2";"959161.51"
"2006";"P";"S0T";"124171.416"
"2006";"P";"STK";"1734.574"
"2006";"P";"STL";"122436.842"
"2006";"P";"T3";"834990.094"
"2006";"P";"A";"746653.343"
"2006";"P";"K1";"88336.751"
"2006";"P";"D";"41914.4"
"2006";"P";"T4";"1060557.08903441"
"2006";"P";"T5";"819066.18903441"
"2006";"P";"N0";"10081.34203441"
"2006";"P";"TB1";"808352.867"
"2006";"P";"VGB";"688407"
"2006";"P";"VGK";"115452"
"2006";"P";"OH0";
"2006";"P";"US0";"631.98"
"2006";"P";"T6";"180608.9"
"2006";"P";"N1";
"2006";"P";"OH1";"1463"
"2006";"P";"US1";"179145.9"
"2006";"P";"UP";"60882"
"2006";"N";"T0";"597209.66980515"
"2006";"N";"T1";"338024.93540913"
"2006";"N";"T2";"180508.2478495"
"2006";"N";"D";"4329.6"
"2006";"N";"T4";"-4321.0652432"
"2006";"N";"T7";"78667.95178972"
"2007";"A";"T0";"3746579.8693815"
"2007";"A";"T1";"927605.821"
"2007";"A";"B0";"702457.121"
"2007";"A";"K0";"225148.7"
"2007";"A";"T2";"1271370.17500858"
"2007";"A";"S0T";"695911.25200858"
"2007";"A";"STK";"88870.95"
"2007";"A";"STL";"607040.30200858"
"2007";"A";"T3";"575458.923"
"2007";"A";"A";"277530.123"
"2007";"A";"K1";"297928.8"
"2007";"A";"D";"58312.2"
"2007";"A";"T4";"1404262.68466045"
"2007";"A";"T5";"1053180.71897609"
"2007";"A";"N0";"15367.49290908"
"2007";"A";"TB1";"936786"
"2007";"A";"FGB";"812726"
"2007";"A";"OH0";"5715"
"2007";"A";"US0";"95312.22606701"
"2007";"A";"T6";"350030.73328661"
"2007";"A";"N1";"273.13328661"
"2007";"A";"TB2";"200415"
"2007";"A";"FGK";"200415"
"2007";"A";"OH1";"452"
"2007";"A";"US1";"148890.6"
"2007";"A";"UA";"1051.23239775"
"2007";"A";"T7";"85028.98871247"
"2007";"A";"G";"34775.54281083"
"2007";"A";"RIWF";"405.96031361"
"2007";"A";"S1";"281.70973712"
"2007";"A";"T8";"49468.42848329"
"2007";"A";"W";"47913.77075142"
"2007";"A";"BE";"1554.65773187"
"2007";"A";"U";"97.34736762"
"2007";"P";"T0";"3007096.19314371"
"2007";"P";"T1";"620423.8196208"
"2007";"P";"B0";"436265.0196208"
"2007";"P";"K0";"184158.8"
"2007";"P";"T2";"920815.488"
"2007";"P";"S0T";"104103.383"
"2007";"P";"STK";"1885.988"
"2007";"P";"STL";"102217.395"
"2007";"P";"T3";"816712.105"
"2007";"P";"A";"716378.269"
"2007";"P";"K1";"100333.836"
"2007";"P";"D";"57198.8"
"2007";"P";"T4";"1408658.08552292"
"2007";"P";"T5";"1108515.68552292"
"2007";"P";"N0";"16198.06452292"
"2007";"P";"TB1";"1091756.873"
"2007";"P";"VGB";"963738"
"2007";"P";"VGK";"121055"
"2007";"P";"OH0";
"2007";"P";"US0";"560.748"
"2007";"P";"T6";"236939.4"
"2007";"P";"N1";
"2007";"P";"OH1";"1755"
"2007";"P";"US1";"235184.4"
"2007";"P";"UP";"63203"
"2007";"N";"T0";"739483.67623779"
"2007";"N";"T1";"307182.0013792"
"2007";"N";"T2";"350554.68700858"
"2007";"N";"D";"1113.4"
"2007";"N";"T4";"-4395.40086247"
"2007";"N";"T7";"85028.98871247"
"2008";"A";"T0";"3219024.75990676"
"2008";"A";"T1";"948851.25"
"2008";"A";"B0";"711523.65"
"2008";"A";"K0";"237327.6"
"2008";"A";"T2";"1012917.86525899"
"2008";"A";"S0T";"674163.15925899"
"2008";"A";"STK";"86309.857"
"2008";"A";"STL";"587853.30225899"
"2008";"A";"T3";"338754.706"
"2008";"A";"A";"143362.387"
"2008";"A";"K1";"195392.319"
"2008";"A";"D";"160018.57615124"
"2008";"A";"T4";"1018349.71003667"
"2008";"A";"T5";"711771.81001418"
"2008";"A";"N0";"79135.20890339"
"2008";"A";"TB1";"542227"
"2008";"A";"FGB";"447706"
"2008";"A";"OH0";"15.3"
"2008";"A";"US0";"90394.30111079"
"2008";"A";"T6";"305563.96762474"
"2008";"A";"N1";"326.26762474"
"2008";"A";"TB2";"165736"
"2008";"A";"FGK";"165736"
"2008";"A";"OH1";"429.5"
"2008";"A";"US1";"139072.2"
"2008";"A";"UA";"1013.93239775"
"2008";"A";"T7";"78887.35845986"
"2008";"A";"G";"30861.60482998"
"2008";"A";"RIWF";"724.7414325"
"2008";"A";"S1";"244.54459719"
"2008";"A";"T8";"47062.95977683"
"2008";"A";"W";"45606.55888788"
"2008";"A";"BE";"1456.40088895"
"2008";"A";"U";"-6.49217664"
"2008";"P";"T0";"2569296.93840877"
"2008";"P";"T1";"685988.48492184"
"2008";"P";"B0";"488536.68492184"
"2008";"P";"K0";"197451.8"
"2008";"P";"T2";"656369.957"
"2008";"P";"S0T";"73345.465"
"2008";"P";"STK";"2900.261"
"2008";"P";"STL";"70445.204"
"2008";"P";"T3";"583024.492"
"2008";"P";"A";"492219.793"
"2008";"P";"K1";"90804.699"
"2008";"P";"D";"164495.21918743"
"2008";"P";"T4";"1062443.27729949"
"2008";"P";"T5";"771331.97729949"
"2008";"P";"N0";"45629.02929949"
"2008";"P";"TB1";"724260.05"
"2008";"P";"VGB";"563003"
"2008";"P";"VGK";"157931"
"2008";"P";"OH0";
"2008";"P";"US0";"1442.898"
"2008";"P";"T6";"225724.3"
"2008";"P";"N1";
"2008";"P";"OH1";"1388.6"
"2008";"P";"US1";"224335.7"
"2008";"P";"UP";"65387"
"2008";"N";"T0";"649727.82149799"
"2008";"N";"T1";"262862.76507816"
"2008";"N";"T2";"356547.90825899"
"2008";"N";"D";"-4476.64303619"
"2008";"N";"T4";"-44093.56726282"
"2008";"N";"T7";"78887.35845986"
"2009";"A";"T0";"3395361.25001857"
"2009";"A";"T1";"1100565.341"
"2009";"A";"B0";"834651.341"
"2009";"A";"K0";"265914"
"2009";"A";"T2";"1152868.33918156"
"2009";"A";"S0T";"741807.73018156"
"2009";"A";"STK";"87142.327"
"2009";"A";"STL";"654665.40318156"
"2009";"A";"T3";"411060.609"
"2009";"A";"A";"198733.604"
"2009";"A";"K1";"212327.005"
"2009";"A";"D";"108234.84978511"
"2009";"A";"T4";"894028.4955644"
"2009";"A";"T5";"607175.00361309"
"2009";"A";"N0";"32698.59464179"
"2009";"A";"TB1";"472392"
"2009";"A";"FGB";"411196"
"2009";"A";"OH0";"19.4"
"2009";"A";"US0";"102065.0089713"
"2009";"A";"T6";"285844.75955356"
"2009";"A";"N1";"348.85955356"
"2009";"A";"TB2";"143826"
"2009";"A";"FGK";"143826"
"2009";"A";"OH1";"431.5"
"2009";"A";"US1";"141238.4"
"2009";"A";"UA";"1008.73239775"
"2009";"A";"T7";"139664.2244875"
"2009";"A";"G";"38185.63005709"
"2009";"A";"RIWF";"1230.76371367"
"2009";"A";"S1";"5555.94949467"
"2009";"A";"T8";"94680.21474754"
"2009";"A";"W";"94236.84853203"
"2009";"A";"BE";"443.36621551"
"2009";"A";"U";"11.66647453"
"2009";"P";"T0";"2708968.9742744"
"2009";"P";"T1";"756296.74368713"
"2009";"P";"B0";"546480.14368713"
"2009";"P";"K0";"209816.6"
"2009";"P";"T2";"815175.25107289"
"2009";"P";"S0T";"65657.767"
"2009";"P";"STK";"4037.769"
"2009";"P";"STL";"61619.998"
"2009";"P";"T3";"749517.48407289"
"2009";"P";"A";"656190.73907289"
"2009";"P";"K1";"93326.745"
"2009";"P";"D";"109005.67615927"
"2009";"P";"T4";"1028491.3033551"
"2009";"P";"T5";"724013.86283447"
"2009";"P";"N0";"16029.90183447"
"2009";"P";"TB1";"707590.365"
"2009";"P";"VGB";"442381"
"2009";"P";"VGK";"263252"
"2009";"P";"OH0";
"2009";"P";"US0";"393.596"
"2009";"P";"T6";"231882.6"
"2009";"P";"N1";
"2009";"P";"OH1";"1415.8"
"2009";"P";"US1";"230466.8"
"2009";"P";"UP";"72594.84052063"
"2009";"N";"T0";"686392.27574417"
"2009";"N";"T1";"344268.59731287"
"2009";"N";"T2";"337693.08810867"
"2009";"N";"D";"-770.82637416"
"2009";"N";"T4";"-134462.8077907"
"2009";"N";"T7";"139664.2244875"
"2010";"A";"T0";"3452524.65505803"
"2010";"A";"T1";"1206170.621"
"2010";"A";"B0";"929147.121"
"2010";"A";"K0";"277023.5"
"2010";"A";"T2";"1090109.20559225"
"2010";"A";"S0T";"675394.28259225"
"2010";"A";"STK";"59290.589"
"2010";"A";"STL";"616103.69359225"
"2010";"A";"T3";"414714.923"
"2010";"A";"A";"201530.512"
"2010";"A";"K1";"213184.411"
"2010";"A";"D";"115732.68030134"
"2010";"A";"T4";"788066.60827133"
"2010";"A";"T5";"501244.92339018"
"2010";"A";"N0";"1067.46433253"
"2010";"A";"TB1";"395065"
"2010";"A";"FGB";"348713"
"2010";"A";"OH0";"17.4"
"2010";"A";"US0";"105095.05905765"
"2010";"A";"T6";"285687.1524834"
"2010";"A";"N1";"300.3524834"
"2010";"A";"TB2";"145096"
"2010";"A";"FGK";"145096"
"2010";"A";"OH1";"437.6"
"2010";"A";"US1";"139853.2"
"2010";"A";"UA";"1134.53239775"
"2010";"A";"T7";"252445.53989311"
"2010";"A";"G";"43987.90253325"
"2010";"A";"RIWF";"1067.66972703"
"2010";"A";"S1";"4670.33994208"
"2010";"A";"T8";"202742.17931325"
"2010";"A";"W";"201884.95822504"
"2010";"A";"BE";"857.22108821"
"2010";"A";"U";"-22.5516225"
"2010";"P";"T0";"2753463.96986607"
"2010";"P";"T1";"834927.76117516"
"2010";"P";"B0";"603480.96117516"
"2010";"P";"K0";"231446.8"
"2010";"P";"T2";"830579.59643228"
"2010";"P";"S0T";"96920.18"
"2010";"P";"STK";"35155.342"
"2010";"P";"STL";"61764.838"
"2010";"P";"T3";"733659.41643228"
"2010";"P";"A";"646309.70743228"
"2010";"P";"K1";"87349.709"
"2010";"P";"D";"114844.3000136"
"2010";"P";"T4";"973112.31224503"
"2010";"P";"T5";"662842.36315135"
"2010";"P";"N0";"16769.26965135"
"2010";"P";"TB1";"644816.2785"
"2010";"P";"VGB";"391544"
"2010";"P";"VGK";"250626"
"2010";"P";"OH0";
"2010";"P";"US0";"1256.815"
"2010";"P";"T6";"236500.4"
"2010";"P";"N1";
"2010";"P";"OH1";"1531.8"
"2010";"P";"US1";"234968.6"
"2010";"P";"UP";"73769.54909368"
"2010";"N";"T0";"699060.68519196"
"2010";"N";"T1";"371242.85982484"
"2010";"N";"T2";"259529.60915997"
"2010";"N";"D";"888.38028774"
"2010";"N";"T4";"-185045.7039737"
"2010";"N";"T7";"252445.53989311"
"2011";"A";"T0";"3576136.105495"
"2011";"A";"T1";"1278790.75993142"
"2011";"A";"B0";"966430.95993142"
"2011";"A";"K0";"312359.8"
"2011";"A";"T2";"1054713.93646978"
"2011";"A";"S0T";"653904.05246978"
"2011";"A";"STK";"60531.533"
"2011";"A";"STL";"593372.51946978"
"2011";"A";"T3";"400809.884"
"2011";"A";"A";"207530.193"
"2011";"A";"K1";"193279.691"
"2011";"A";"D";"125899.73340356"
"2011";"A";"T4";"805337.88406034"
"2011";"A";"T5";"505413.07692848"
"2011";"A";"N0";"14972.69197643"
"2011";"A";"TB1";"391269"
"2011";"A";"FGB";"350683"
"2011";"A";"OH0";"18.4"
"2011";"A";"US0";"99152.98495205"
"2011";"A";"T6";"299030.77473411"
"2011";"A";"N1";"301.37473411"
"2011";"A";"TB2";"148013"
"2011";"A";"FGK";"148013"
"2011";"A";"OH1";"797.4"
"2011";"A";"US1";"149919"
"2011";"A";"UA";"894.03239775"
"2011";"A";"T7";"311393.7916299"
"2011";"A";"G";"49379.94087826"
"2011";"A";"RIWF";"3134.5257471"
"2011";"A";"S1";"4621.21848761"
"2011";"A";"T8";"254254.36804856"
"2011";"A";"W";"224472.03438385"
"2011";"A";"BE";"29782.33366471"
"2011";"A";"U";"3.73846837"
"2011";"P";"T0";"2829954.5344466"
"2011";"P";"T1";"915933.60920167"
"2011";"P";"B0";"673239.30920167"
"2011";"P";"K0";"242694.3"
"2011";"P";"T2";"744673.19938584"
"2011";"P";"S0T";"74639.631"
"2011";"P";"STK";"9259.595"
"2011";"P";"STL";"65380.036"
"2011";"P";"T3";"670033.56838584"
"2011";"P";"A";"584814.71838584"
"2011";"P";"K1";"85218.85"
"2011";"P";"D";"128989.7715"
"2011";"P";"T4";"1040357.95435908"
"2011";"P";"T5";"728086.94520734"
"2011";"P";"N0";"23667.56270734"
"2011";"P";"TB1";"703777.9725"
"2011";"P";"VGB";"414734"
"2011";"P";"VGK";"285816"
"2011";"P";"OH0";
"2011";"P";"US0";"641.41"
"2011";"P";"T6";"235818.4"
"2011";"P";"N1";
"2011";"P";"OH1";"1162.1"
"2011";"P";"US1";"234656.3"
"2011";"P";"UP";"76452.60915174"
"2011";"N";"T0";"746181.57104841"
"2011";"N";"T1";"362857.15072975"
"2011";"N";"T2";"310040.73708394"
"2011";"N";"D";"-3090.03809644"
"2011";"N";"T4";"-235020.07029874"
"2011";"N";"T7";"311393.7916299"
"2012";"A";"T0";"3840166.97781388"
"2012";"A";"T1";"1345455.83893142"
"2012";"A";"B0";"1021135.03893142"
"2012";"A";"K0";"324320.8"
"2012";"A";"T2";"1123427.23521916"
"2012";"A";"S0T";"678235.73821916"
"2012";"A";"STK";"61268.455"
"2012";"A";"STL";"616967.28321916"
"2012";"A";"T3";"445191.497"
"2012";"A";"A";"234747.871"
"2012";"A";"K1";"210443.626"
"2012";"A";"D";"112777.5007485"
"2012";"A";"T4";"773505.0813824"
"2012";"A";"T5";"451744.67759313"
"2012";"A";"N0";"5012.61561713"
"2012";"A";"TB1";"357563"
"2012";"A";"FGB";"325456"
"2012";"A";"OH0";"18.1"
"2012";"A";"US0";"89150.961976"
"2012";"A";"T6";"320775.27139152"
"2012";"A";"N1";"279.07139152"
"2012";"A";"TB2";"162127"
"2012";"A";"FGK";"162127"
"2012";"A";"OH1";"842.5"
"2012";"A";"US1";"157526.7"
"2012";"A";"UA";"985.13239775"
"2012";"A";"T7";"485001.3215324"
"2012";"A";"G";"50771.50561342"
"2012";"A";"RIWF";"2804.17307487"
"2012";"A";"S1";"4249.16364388"
"2012";"A";"T8";"427196.28801213"
"2012";"A";"W";"341886.63066713"
"2012";"A";"BE";"85309.657345"
"2012";"A";"U";"-19.8088119"
"2012";"P";"T0";"3159603.07662179"
"2012";"P";"T1";"970296.76694393"
"2012";"P";"B0";"696876.26694393"
"2012";"P";"K0";"273420.5"
"2012";"P";"T2";"963137.79279924"
"2012";"P";"S0T";"90094.1"
"2012";"P";"STK";"8109.962"
"2012";"P";"STL";"81984.138"
"2012";"P";"T3";"873043.69279924"
"2012";"P";"A";"773591.45979924"
"2012";"P";"K1";"99452.233"
"2012";"P";"D";"112518.61904232"
"2012";"P";"T4";"1113649.8978363"
"2012";"P";"T5";"800099.95285501"
"2012";"P";"N0";"49466.50185501"
"2012";"P";"TB1";"749838.815"
"2012";"P";"VGB";"405826"
"2012";"P";"VGK";"341643"
"2012";"P";"OH0";
"2012";"P";"US0";"794.636"
"2012";"P";"T6";"234148.5"
"2012";"P";"N1";
"2012";"P";"OH1";"914.6"
"2012";"P";"US1";"233233.9"
"2012";"P";"UP";"79401.44498129"
"2012";"N";"T0";"680563.9011921"
"2012";"N";"T1";"375159.07198749"
"2012";"N";"T2";"160289.44241992"
"2012";"N";"D";"258.88170618"
"2012";"N";"T4";"-340144.8164539"
"2012";"N";"T7";"485001.3215324"
"2013";"A";"T0";"3887377.5936469"
"2013";"A";"T1";"1300379.86793142"
"2013";"A";"B0";"977748.26793142"
"2013";"A";"K0";"322631.6"
"2013";"A";"T2";"1158151.48510818"
"2013";"A";"S0T";"647111.95410818"
"2013";"A";"STK";"61184.207"
"2013";"A";"STL";"585927.74710818"
"2013";"A";"T3";"511039.531"
"2013";"A";"A";"276150.856"
"2013";"A";"K1";"234888.675"
"2013";"A";"D";"90653.00618165"
"2013";"A";"T4";"860828.74303159"
"2013";"A";"T5";"520669.37816854"
"2013";"A";"N0";"8069.916935"
"2013";"A";"TB1";"399621"
"2013";"A";"FGB";"371102"
"2013";"A";"OH0";"6.7"
"2013";"A";"US0";"112971.76123354"
"2013";"A";"T6";"339170.8324653"
"2013";"A";"N1";"244.2324653"
"2013";"A";"TB2";"174088"
"2013";"A";"FGK";"174088"
"2013";"A";"OH1";"825.3"
"2013";"A";"US1";"164013.3"
"2013";"A";"UA";"988.53239775"
"2013";"A";"T7";"477364.49139406"
"2013";"A";"G";"35564.96163437"
"2013";"A";"RIWF";"2295.38419036"
"2013";"A";"S1";"4293.89450471"
"2013";"A";"T8";"435204.60077985"
"2013";"A";"W";"366745.69769112"
"2013";"A";"BE";"68458.90308873"
"2013";"A";"U";"5.65028477"
"2013";"P";"T0";"3329988.45157887"
"2013";"P";"T1";"965925.3633233"
"2013";"P";"B0";"716594.5633233"
"2013";"P";"K0";"249330.8"
"2013";"P";"T2";"1127593.02534823"
"2013";"P";"S0T";"90023.77"
"2013";"P";"STK";"9276.779"
"2013";"P";"STL";"80746.991"
"2013";"P";"T3";"1037569.25534823"
"2013";"P";"A";"952883.78634823"
"2013";"P";"K1";"84685.469"
"2013";"P";"D";"87137"
"2013";"P";"T4";"1149333.06290734"
"2013";"P";"T5";"819301.2046601"
"2013";"P";"N0";"53289.1786601"
"2013";"P";"TB1";"765604.19"
"2013";"P";"VGB";"399772"
"2013";"P";"VGK";"362236"
"2013";"P";"OH0";
"2013";"P";"US0";"407.836"
"2013";"P";"T6";"246993.32883"
"2013";"P";"N1";
"2013";"P";"OH1";"681.8"
"2013";"P";"US1";"246311.52883"
"2013";"P";"UP";"83038.52941724"
"2013";"N";"T0";"557389.14206803"
"2013";"N";"T1";"334454.50460812"
"2013";"N";"T2";"30558.45975995"
"2013";"N";"D";"3516.00618165"
"2013";"N";"T4";"-288504.31987575"
"2013";"N";"T7";"477364.49139406"
"2014";"A";"T0";"4189592.14294513"
"2014";"A";"T1";"1418290.0764877"
"2014";"A";"B0";"957556.18270553"
"2014";"A";"K0";"460733.89378218"
"2014";"A";"T2";"1238420.12511246"
"2014";"A";"S0T";"670756.08482535"
"2014";"A";"STK";"58907.44927492"
"2014";"A";"STL";"611848.63555043"
"2014";"A";"T3";"567664.04028711"
"2014";"A";"A";"293189.28728711"
"2014";"A";"K1";"274474.753"
"2014";"A";"D";"103122.55875471"
"2014";"A";"T4";"888558.82053643"
"2014";"A";"T5";"490035.7122325"
"2014";"A";"N0";"14932.04208876"
"2014";"A";"TB1";"369026.12"
"2014";"A";"FGB";"339659"
"2014";"A";"OH0";"6.62"
"2014";"A";"US0";"106070.93014374"
"2014";"A";"T6";"383220.30491702"
"2014";"A";"N1";"213.31324837"
"2014";"A";"TB2";"191120"
"2014";"A";"FGK";"191120"
"2014";"A";"OH1";"802.66"
"2014";"A";"US1";"191084.33166865"
"2014";"A";"UA";"15302.80338691"
"2014";"A";"T7";"541200.56205382"
"2014";"A";"G";"39629.62133313"
"2014";"A";"RIWF";"2037.32704323"
"2014";"A";"S1";"4413.78577845"
"2014";"A";"T8";"495130.36466417"
"2014";"A";"W";"472796.95628958"
"2014";"A";"BE";"22333.40837459"
"2014";"A";"U";"-10.53676516"
"2014";"P";"T0";"3677136.21569417"
"2014";"P";"T1";"1213898.80749705"
"2014";"P";"B0";"783680.98521"
"2014";"P";"K0";"430217.82228705"
"2014";"P";"T2";"1210692.50876892"
"2014";"P";"S0T";"92368.79858245"
"2014";"P";"STK";"7625.33856088"
"2014";"P";"STL";"84743.46002156"
"2014";"P";"T3";"1118323.71018648"
"2014";"P";"A";"1022898.86218648"
"2014";"P";"K1";"95424.848"
"2014";"P";"D";"104708.94587113"
"2014";"P";"T4";"1147835.95355706"
"2014";"P";"T5";"821749.79606388"
"2014";"P";"N0";"74747.75306388"
"2014";"P";"TB1";"746346.34"
"2014";"P";"VGB";"352079"
"2014";"P";"VGK";"392061"
"2014";"P";"OH0";
"2014";"P";"US0";"655.703"
"2014";"P";"T6";"229357.96108952"
"2014";"P";"N1";
"2014";"P";"OH1";"604.16"
"2014";"P";"US1";"228753.80108952"
"2014";"P";"UP";"96728.19640367"
"2014";"N";"T0";"512455.92725096"
"2014";"N";"T1";"204391.26899066"
"2014";"N";"T2";"27727.61634353"
"2014";"N";"D";"-1586.38711642"
"2014";"N";"T4";"-259277.13302063"
"2014";"N";"T7";"541200.56205382"
"2015";"A";"T0";"4335425.3321202"
"2015";"A";"T1";"1551458.28169176"
"2015";"A";"B0";"1051161.52025262"
"2015";"A";"K0";"500296.76143914"
"2015";"A";"T2";"1220864.253335"
"2015";"A";"S0T";"647172.93137374"
"2015";"A";"STK";"62917.39730989"
"2015";"A";"STL";"584255.53406385"
"2015";"A";"T3";"573691.32196126"
"2015";"A";"A";"289570.45196126"
"2015";"A";"K1";"284120.87"
"2015";"A";"D";"72344.83841899"
"2015";"A";"T4";"889399.10521919"
"2015";"A";"T5";"422566.12495231"
"2015";"A";"N0";"33687.11075351"
"2015";"A";"TB1";"299392.43158902"
"2015";"A";"FGB";"278507.03905027"
"2015";"A";"OH0";"8.365"
"2015";"A";"US0";"89478.21760978"
"2015";"A";"T6";"445057.88078081"
"2015";"A";"N1";"169.91761363"
"2015";"A";"TB2";"199043.8352802"
"2015";"A";"FGK";"199043.8352802"
"2015";"A";"OH1";"793.634"
"2015";"A";"US1";"245050.49388698"
"2015";"A";"UA";"21775.09948607"
"2015";"A";"T7";"601358.85345526"
"2015";"A";"G";"35466.6767392"
"2015";"A";"RIWF";"1608.40114019"
"2015";"A";"S1";"4707.34538178"
"2015";"A";"T8";"559555.77504234"
"2015";"A";"W";"552649.50497906"
"2015";"A";"BE";"6906.27006328"
"2015";"A";"U";"20.65515175"
"2015";"P";"T0";"3841329.40265587"
"2015";"P";"T1";"1392619.18951177"
"2015";"P";"B0";"949519.16912763"
"2015";"P";"K0";"443100.02038413"
"2015";"P";"T2";"1196215.58226933"
"2015";"P";"S0T";"96512.13106055"
"2015";"P";"STK";"4955.31801024"
"2015";"P";"STL";"91556.8130503"
"2015";"P";"T3";"1099703.45120878"
"2015";"P";"A";"1008924.70820878"
"2015";"P";"K1";"90778.743"
"2015";"P";"D";"70560.15534696"
"2015";"P";"T4";"1181934.47552781"
"2015";"P";"T5";"876940.14174112"
"2015";"P";"N0";"99828.25413808"
"2015";"P";"TB1";"776097.72560304"
"2015";"P";"VGB";"396659.54341513"
"2015";"P";"VGK";"377679.78773705"
"2015";"P";"OH0";
"2015";"P";"US0";"1014.162"
"2015";"P";"T6";"204274.60158344"
"2015";"P";"N1";
"2015";"P";"OH1";"578.238"
"2015";"P";"US1";"203696.36358344"
"2015";"P";"UP";"100719.73220326"
"2015";"N";"T0";"494095.92946433"
"2015";"N";"T1";"158839.09217999"
"2015";"N";"T2";"24648.67106568"
"2015";"N";"D";"1784.68307203"
"2015";"N";"T4";"-292535.37030862"
"2015";"N";"T7";"601358.85345526"
"2016";"A";"T0";"4849347.70735775"
"2016";"A";"T1";"1816282.10647613"
"2016";"A";"B0";"1244628.59097731"
"2016";"A";"K0";"571653.51549882"
"2016";"A";"T2";"1281062.76457437"
"2016";"A";"S0T";"654490.3576839"
"2016";"A";"STK";"60297.08178909"
"2016";"A";"STL";"594193.27589481"
"2016";"A";"T3";"626572.40689047"
"2016";"A";"A";"320170.35689047"
"2016";"A";"K1";"306402.05"
"2016";"A";"D";"69496.62065895"
"2016";"A";"T4";"992009.51878514"
"2016";"A";"T5";"412088.40613223"
"2016";"A";"N0";"50778.93238691"
"2016";"A";"TB1";"252973.16831293"
"2016";"A";"FGB";"230845.08235409"
"2016";"A";"OH0";"3.4"
"2016";"A";"US0";"108332.90543239"
"2016";"A";"T6";"553144.65591643"
"2016";"A";"N1";"155.41026003"
"2016";"A";"TB2";"195558.64379739"
"2016";"A";"FGK";"195558.64379739"
"2016";"A";"OH1";"794.5"
"2016";"A";"US1";"356636.10185901"
"2016";"A";"UA";"26776.45673649"
"2016";"A";"T7";"690496.69686316"
"2016";"A";"G";"39400.34942065"
"2016";"A";"RIWF";"1341.15985865"
"2016";"A";"S1";"4406.19454813"
"2016";"A";"T8";"645321.11337987"
"2016";"A";"W";"627672.90555573"
"2016";"A";"BE";"17648.20782414"
"2016";"A";"U";"27.87965586"
"2016";"P";"T0";"4225866.96390172"
"2016";"P";"T1";"1752357.91121946"
"2016";"P";"B0";"1267370.27187356"
"2016";"P";"K0";"484987.6393459"
"2016";"P";"T2";"1156398.00898187"
"2016";"P";"S0T";"100255.87614849"
"2016";"P";"STK";"5208.85849551"
"2016";"P";"STL";"95047.01765299"
"2016";"P";"T3";"1056142.13283338"
"2016";"P";"A";"971686.30383338"
"2016";"P";"K1";"84455.829"
"2016";"P";"D";"71534.69019027"
"2016";"P";"T4";"1245576.35351012"
"2016";"P";"T5";"888096.28711206"
"2016";"P";"N0";"115054.79649615"
"2016";"P";"TB1";"771573.72061591"
"2016";"P";"VGB";"403136.25030636"
"2016";"P";"VGK";"365775.68934942"
"2016";"P";"OH0";
"2016";"P";"US0";"1467.77"
"2016";"P";"T6";"249620.73566947"
"2016";"P";"N1";
"2016";"P";"OH1";"585.46"
"2016";"P";"US1";"249035.27566947"
"2016";"P";"UP";"107859.33072858"
"2016";"N";"T0";"623480.74345603"
"2016";"N";"T1";"63924.19525667"
"2016";"N";"T2";"124664.7555925"
"2016";"N";"D";"-2038.06953133"
"2016";"N";"T4";"-253566.83472497"
"2016";"N";"T7";"690496.69686316"
"2017";"A";"T0";"5162183.55430877"
"2017";"A";"T1";"1906952.25057707"
"2017";"A";"B0";"1319267.61310777"
"2017";"A";"K0";"587684.63746929"
"2017";"A";"T2";"1375378.14808684"
"2017";"A";"S0T";"650708.59381778"
"2017";"A";"STK";"51913.58973405"
"2017";"A";"STL";"598795.00408373"
"2017";"A";"T3";"724669.55426906"
"2017";"A";"A";"374398.32426906"
"2017";"A";"K1";"350271.23"
"2017";"A";"D";"51631.53297752"
"2017";"A";"T4";"1036092.42610681"
"2017";"A";"T5";"411051.78829357"
"2017";"A";"N0";"45934.24061821"
"2017";"A";"TB1";"244224.74578175"
"2017";"A";"FGB";"220049.31864636"
"2017";"A";"OH0";"1.9"
"2017";"A";"US0";"120890.90189361"
"2017";"A";"T6";"590739.73937043"
"2017";"A";"N1";"210.27613572"
"2017";"A";"TB2";"223525.0954278"
"2017";"A";"FGK";"223525.0954278"
"2017";"A";"OH1";"816.55"
"2017";"A";"US1";"366187.81780692"
"2017";"A";"UA";"34300.89844281"
"2017";"A";"T7";"792129.19656052"
"2017";"A";"G";"42494.04545354"
"2017";"A";"RIWF";"871.26645868"
"2017";"A";"S1";"4495.51778895"
"2017";"A";"T8";"744186.23091923"
"2017";"A";"W";"725658.78648831"
"2017";"A";"BE";"18527.44443092"
"2017";"A";"U";"82.13594013"
"2017";"P";"T0";"4476706.70736492"
"2017";"P";"T1";"1890159.4183336"
"2017";"P";"B0";"1318729.3613702"
"2017";"P";"K0";"571430.0569634"
"2017";"P";"T2";"1275967.7570774"
"2017";"P";"S0T";"113110.06507293"
"2017";"P";"STK";"8388.20495152"
"2017";"P";"STL";"104721.86012141"
"2017";"P";"T3";"1162857.69200446"
"2017";"P";"A";"1074037.27700446"
"2017";"P";"K1";"88820.415"
"2017";"P";"D";"55728.14000983"
"2017";"P";"T4";"1254851.39194409"
"2017";"P";"T5";"874991.78703562"
"2017";"P";"N0";"143790.03328473"
"2017";"P";"TB1";"728546.77675089"
"2017";"P";"VGB";"390063.86797395"
"2017";"P";"VGK";"334897.87370281"
"2017";"P";"OH0";
"2017";"P";"US0";"2654.977"
"2017";"P";"T6";"262586.06594947"
"2017";"P";"N1";
"2017";"P";"OH1";"78.36"
"2017";"P";"US1";"262507.70594947"
"2017";"P";"UP";"117273.538959"
"2017";"N";"T0";"685476.84694385"
"2017";"N";"T1";"16792.83224346"
"2017";"N";"T2";"99410.39100944"
"2017";"N";"D";"-4096.6070323"
"2017";"N";"T4";"-218758.96583728"
"2017";"N";"T7";"792129.19656052"
"2018";"A";"T0";"5053172.91059529"
"2018";"A";"T1";"1959478.23085264"
"2018";"A";"B0";"1361089.9354325"
"2018";"A";"K0";"598388.29542014"
"2018";"A";"T2";"1292147.23988294"
"2018";"A";"S0T";"626230.74223125"
"2018";"A";"STK";"55216.5488157"
"2018";"A";"STL";"571014.19341555"
"2018";"A";"T3";"665916.49765169"
"2018";"A";"A";"333283.99165169"
"2018";"A";"K1";"332632.506"
"2018";"A";"D";"69543.98593015"
"2018";"A";"T4";"955505.93775432"
"2018";"A";"T5";"406891.57673071"
"2018";"A";"N0";"34982.44260394"
"2018";"A";"TB1";"243924.46664491"
"2018";"A";"FGB";"213598.69166144"
"2018";"A";"OH0";"2.6"
"2018";"A";"US0";"127982.06748186"
"2018";"A";"T6";"517353.33715429"
"2018";"A";"N1";"260.29248537"
"2018";"A";"TB2";"208844.49878146"
"2018";"A";"FGK";"208844.49878146"
"2018";"A";"OH1";"512.17"
"2018";"A";"US1";"307736.37588746"
"2018";"A";"UA";"31261.02386932"
"2018";"A";"T7";"776497.51617525"
"2018";"A";"G";"42237.31847995"
"2018";"A";"RIWF";"1188.40501469"
"2018";"A";"S1";"4440.58670517"
"2018";"A";"T8";"728730.27848903"
"2018";"A";"W";"695928.03819699"
"2018";"A";"BE";"32802.24029204"
"2018";"A";"U";"-99.07251359"
"2018";"P";"T0";"4252041.72759883"
"2018";"P";"T1";"1825915.89688699"
"2018";"P";"B0";"1327879.38274213"
"2018";"P";"K0";"498036.51414486"
"2018";"P";"T2";"1146189.33472007"
"2018";"P";"S0T";"120943.86582513"
"2018";"P";"STK";"7445.43737755"
"2018";"P";"STL";"113498.42844758"
"2018";"P";"T3";"1025245.46889494"
"2018";"P";"A";"951316.66189494"
"2018";"P";"K1";"73928.807"
"2018";"P";"D";"67778.7014994"
"2018";"P";"T4";"1212157.79449237"
"2018";"P";"T5";"819939.10857823"
"2018";"P";"N0";"114403.13409535"
"2018";"P";"TB1";"701678.91048288"
"2018";"P";"VGB";"381964.92953681"
"2018";"P";"VGK";"315380.02123895"
"2018";"P";"OH0";
"2018";"P";"US0";"3857.064"
"2018";"P";"T6";"270769.85946875"
"2018";"P";"N1";
"2018";"P";"OH1";"23.43"
"2018";"P";"US1";"270746.42946875"
"2018";"P";"UP";"121448.82644539"
"2018";"N";"T0";"801131.18299646"
"2018";"N";"T1";"133562.33396565"
"2018";"N";"T2";"145957.90516287"
"2018";"N";"D";"1765.28443075"
"2018";"N";"T4";"-256651.85673805"
"2018";"N";"T7";"776497.51617525"
"2019";"A";"T0";"5320649.60257402"
"2019";"A";"T1";"2065275.64835956"
"2019";"A";"B0";"1381803.87635603"
"2019";"A";"K0";"683471.77200353"
"2019";"A";"T2";"1429298.35300874"
"2019";"A";"S0T";"659691.77080729"
"2019";"A";"STK";"55417.48586837"
"2019";"A";"STL";"604274.28493893"
"2019";"A";"T3";"769606.58220145"
"2019";"A";"A";"403733.56920145"
"2019";"A";"K1";"365873.013"
"2019";"A";"D";"59842.60985521"
"2019";"A";"T4";"939824.28167179"
"2019";"A";"T5";"404106.5918583"
"2019";"A";"N0";"22442.19468571"
"2019";"A";"TB1";"246459.04033813"
"2019";"A";"FGB";"188887.34969706"
"2019";"A";"OH0";"3.106"
"2019";"A";"US0";"135202.25083446"
"2019";"A";"T6";"498256.08494209"
"2019";"A";"N1";"276.23132693"
"2019";"A";"TB2";"212014.8957297"
"2019";"A";"FGK";"212014.8957297"
"2019";"A";"OH1";"565.965"
"2019";"A";"US1";"285398.99288546"
"2019";"A";"UA";"37461.6048714"
"2019";"A";"T7";"826408.70967871"
"2019";"A";"G";"49110.85393662"
"2019";"A";"RIWF";"1368.65435384"
"2019";"A";"S1";"4380.61554007"
"2019";"A";"T8";"771569.13236637"
"2019";"A";"W";"733368.84137755"
"2019";"A";"BE";"38200.29098882"
"2019";"A";"U";"-20.54651819"
"2019";"P";"T0";"4658856.47164331"
"2019";"P";"T1";"1974512.76201206"
"2019";"P";"B0";"1375207.12352107"
"2019";"P";"K0";"599305.63849099"
"2019";"P";"T2";"1411900.91716672"
"2019";"P";"S0T";"142011.50263672"
"2019";"P";"STK";"10057.84391036"
"2019";"P";"STL";"131953.65872637"
"2019";"P";"T3";"1269889.41453"
"2019";"P";"A";"1188931.54153"
"2019";"P";"K1";"80957.873"
"2019";"P";"D";"59084.97648771"
"2019";"P";"T4";"1213357.81597682"
"2019";"P";"T5";"795759.98800901"
"2019";"P";"N0";"86946.78020545"
"2019";"P";"TB1";"704813.26580356"
"2019";"P";"VGB";"403498.57113136"
"2019";"P";"VGK";"295298.59644155"
"2019";"P";"OH0";
"2019";"P";"US0";"3999.942"
"2019";"P";"T6";"281793.99971243"
"2019";"P";"N1";
"2019";"P";"OH1";"30.052"
"2019";"P";"US1";"281763.94771243"
"2019";"P";"UP";"135803.82825538"
"2019";"N";"T0";"661793.13093071"
"2019";"N";"T1";"90762.8863475"
"2019";"N";"T2";"17397.43584202"
"2019";"N";"D";"757.6333675"
"2019";"N";"T4";"-273533.53430503"
"2019";"N";"T7";"826408.70967871"
"2020";"A";"T0";"5358682.61133222"
"2020";"A";"T1";"2012763.36199737"
"2020";"A";"B0";"1414513.69608638"
"2020";"A";"K0";"598249.66591098"
"2020";"A";"T2";"1486125.92066836"
"2020";"A";"S0T";"652604.45172007"
"2020";"A";"STK";"60667.02621681"
"2020";"A";"STL";"591937.42550326"
"2020";"A";"T3";"833521.46894829"
"2020";"A";"A";"437603.15894829"
"2020";"A";"K1";"395918.31"
"2020";"A";"D";"83914.34333912"
"2020";"A";"T4";"821739.93186014"
"2020";"A";"T5";"402840.27193259"
"2020";"A";"N0";"17952.59260659"
"2020";"A";"TB1";"242338.1818706"
"2020";"A";"FGB";"202224.40192298"
"2020";"A";"OH0";"4.958"
"2020";"A";"US0";"142544.5394554"
"2020";"A";"T6";"393855.15090719"
"2020";"A";"N1";"907.62630857"
"2020";"A";"TB2";"212606.56050082"
"2020";"A";"FGK";"212606.56050082"
"2020";"A";"OH1";"808.98"
"2020";"A";"US1";"179531.9840978"
"2020";"A";"UA";"25044.50902036"
"2020";"A";"T7";"954139.05346723"
"2020";"A";"G";"55747.12079425"
"2020";"A";"RIWF";"1849.57774245"
"2020";"A";"S1";"4363.87669915"
"2020";"A";"T8";"892262.72615703"
"2020";"A";"W";"812132.65497233"
"2020";"A";"BE";"80130.0711847"
"2020";"A";"U";"-84.24792565"
"2020";"P";"T0";"4558912.84477179"
"2020";"P";"T1";"1770543.42777233"
"2020";"P";"B0";"1219208.72402926"
"2020";"P";"K0";"551334.70374306"
"2020";"P";"T2";"1416346.9080264"
"2020";"P";"S0T";"160374.2136312"
"2020";"P";"STK";"24213.27590199"
"2020";"P";"STL";"136160.93772921"
"2020";"P";"T3";"1255972.6943952"
"2020";"P";"A";"1172611.8653952"
"2020";"P";"K1";"83360.829"
"2020";"P";"D";"81437.54906124"
"2020";"P";"T4";"1290584.95991182"
"2020";"P";"T5";"874262.08514568"
"2020";"P";"N0";"87563.71974921"
"2020";"P";"TB1";"782355.91439647"
"2020";"P";"VGB";"395875.05441805"
"2020";"P";"VGK";"380432.67528181"
"2020";"P";"OH0";
"2020";"P";"US0";"4342.451"
"2020";"P";"T6";"282869.77264305"
"2020";"P";"N1";
"2020";"P";"OH1";"47.594"
"2020";"P";"US1";"282822.17864305"
"2020";"P";"UP";"133453.10212309"
"2020";"N";"T0";"799769.76656043"
"2020";"N";"T1";"242219.93422504"
"2020";"N";"T2";"69779.01264196"
"2020";"N";"D";"2476.79427788"
"2020";"N";"T4";"-468845.02805168"
"2020";"N";"T7";"954139.05346723"
"2021";"A";"T0";"5661538.76708934"
"2021";"A";"T1";"1996173.40146845"
"2021";"A";"B0";"1359203.62751973"
"2021";"A";"K0";"636969.77394871"
"2021";"A";"T2";"1630582.0325182"
"2021";"A";"S0T";"650052.32798531"
"2021";"A";"STK";"56756.86506134"
"2021";"A";"STL";"593295.46292396"
"2021";"A";"T3";"980529.70453289"
"2021";"A";"A";"513569.48453289"
"2021";"A";"K1";"466960.22"
"2021";"A";"D";"122978.33207022"
"2021";"A";"T4";"897670.60911804"
"2021";"A";"T5";"442036.24574447"
"2021";"A";"N0";"21705.53031227"
"2021";"A";"TB1";"267786.44496195"
"2021";"A";"FGB";"231751.31202829"
"2021";"A";"OH0";"5.71451406"
"2021";"A";"US0";"152538.55595619"
"2021";"A";"T6";"417616.5102812"
"2021";"A";"N1";"907.95304019"
"2021";"A";"TB2";"235099.57124773"
"2021";"A";"FGK";"235099.57124773"
"2021";"A";"OH1";"853.97929543"
"2021";"A";"US1";"180755.00669785"
"2021";"A";"UA";"38017.85309237"
"2021";"A";"T7";"1014134.39191443"
"2021";"A";"G";"55690.73617941"
"2021";"A";"RIWF";"2000.8149878"
"2021";"A";"S1";"11912.47159794"
"2021";"A";"T8";"944496.92930747"
"2021";"A";"W";"815398.7529835"
"2021";"A";"BE";"129098.17632397"
"2021";"A";"U";"33.43984181"
"2021";"P";"T0";"4862761.45206928"
"2021";"P";"T1";"1665307.54142936"
"2021";"P";"B0";"1052652.85420416"
"2021";"P";"K0";"612654.6872252"
"2021";"P";"T2";"1691096.26426605"
"2021";"P";"S0T";"186495.9523433"
"2021";"P";"STK";"26518.14693966"
"2021";"P";"STL";"159977.80540364"
"2021";"P";"T3";"1504600.31192275"
"2021";"P";"A";"1417037.04592275"
"2021";"P";"K1";"87563.266"
"2021";"P";"D";"126038.13759045"
"2021";"P";"T4";"1380319.50878342"
"2021";"P";"T5";"925890.50235879"
"2021";"P";"N0";"98800.21786216"
"2021";"P";"TB1";"822629.93849663"
"2021";"P";"VGB";"403173.06555648"
"2021";"P";"VGK";"411133.2213657"
"2021";"P";"OH0";
"2021";"P";"US0";"4460.346"
"2021";"P";"T6";"304144.97613174"
"2021";"P";"N1";
"2021";"P";"OH1";"61.53925564"
"2021";"P";"US1";"304083.4368761"
"2021";"P";"UP";"150284.03029289"
"2021";"N";"T0";"798777.31502006"
"2021";"N";"T1";"330865.86003909"
"2021";"N";"T2";"-60514.23174785"
"2021";"N";"D";"-3059.80552023"
"2021";"N";"T4";"-482648.89966538"
"2021";"N";"T7";"1014134.39191443"
"2022";"A";"T0";"5251444.58041458"
"2022";"A";"T1";"1905031.01672578"
"2022";"A";"B0";"1291166.22939265"
"2022";"A";"K0";"613864.78733313"
"2022";"A";"T2";"1449369.06128667"
"2022";"A";"S0T";"609385.23530275"
"2022";"A";"STK";"63208.61015164"
"2022";"A";"STL";"546176.62515111"
"2022";"A";"T3";"839983.82598393"
"2022";"A";"A";"434786.48398393"
"2022";"A";"K1";"405197.342"
"2022";"A";"D";"140716.05621895"
"2022";"A";"T4";"904133.26011665"
"2022";"A";"T5";"480200.54444264"
"2022";"A";"N0";"16738.27872114"
"2022";"A";"TB1";"262461.49073757"
"2022";"A";"FGB";"210377.50125813"
"2022";"A";"OH0";"12.75941495"
"2022";"A";"US0";"200988.01556899"
"2022";"A";"T6";"385883.21477057"
"2022";"A";"N1";"877.46421183"
"2022";"A";"TB2";"221454.64406314"
"2022";"A";"FGK";"221454.64406314"
"2022";"A";"OH1";"870.37575113"
"2022";"A";"US1";"162680.73074447"
"2022";"A";"UA";"38049.50090344"
"2022";"A";"T7";"852195.18606653"
"2022";"A";"G";"56099.2590539"
"2022";"A";"RIWF";"2136.60309017"
"2022";"A";"S1";"11380.70788765"
"2022";"A";"T8";"783826.67950628"
"2022";"A";"W";"695098.24397962"
"2022";"A";"BE";"88728.43552666"
"2022";"A";"U";"-1248.06347147"
"2022";"P";"T0";"4518143.57991317"
"2022";"P";"T1";"1658735.1954658"
"2022";"P";"B0";"1014329.49442247"
"2022";"P";"K0";"644405.70104334"
"2022";"P";"T2";"1417309.39687207"
"2022";"P";"S0T";"210830.67387207"
"2022";"P";"STK";"71430.01779778"
"2022";"P";"STL";"139400.65607429"
"2022";"P";"T3";"1206478.723"
"2022";"P";"A";"1122013.074"
"2022";"P";"K1";"84465.649"
"2022";"P";"D";"144090.07264982"
"2022";"P";"T4";"1298008.91492547"
"2022";"P";"T5";"846056.69648475"
"2022";"P";"N0";"106639.92801024"
"2022";"P";"TB1";"736023.70347451"
"2022";"P";"VGB";"432133.77855991"
"2022";"P";"VGK";"290619.66708561"
"2022";"P";"OH0";
"2022";"P";"US0";"3393.065"
"2022";"P";"T6";"306068.84848227"
"2022";"P";"N1";
"2022";"P";"OH1";"59.60450553"
"2022";"P";"US1";"306009.24397674"
"2022";"P";"UP";"145883.36995845"
"2022";"N";"T0";"733301.00050141"
"2022";"N";"T1";"246295.82125998"
"2022";"N";"T2";"32059.6644146"
"2022";"N";"D";"-3374.01643088"
"2022";"N";"T4";"-393875.65480881"
"2022";"N";"T7";"852195.18606653"
"2023";"A";"T0";"4965408.46042124"
"2023";"A";"T1";"1839211.60580251"
"2023";"A";"B0";"1246582.40614397"
"2023";"A";"K0";"592629.19965854"
"2023";"A";"T2";"1502366.27357435"
"2023";"A";"S0T";"632092.34191347"
"2023";"A";"STK";"72713.02001139"
"2023";"A";"STL";"559379.32190208"
"2023";"A";"T3";"870273.93166088"
"2023";"A";"A";"465201.02066088"
"2023";"A";"K1";"405072.911"
"2023";"A";"D";"95293.94419902"
"2023";"A";"T4";"804160.77758144"
"2023";"A";"T5";"433673.51858893"
"2023";"A";"N0";"23222.18927718"
"2023";"A";"TB1";"240868.62134129"
"2023";"A";"FGB";"177466.63424305"
"2023";"A";"OH0";"1.81870522"
"2023";"A";"US0";"169580.88926523"
"2023";"A";"T6";"339688.06746462"
"2023";"A";"N1";"745.3301941"
"2023";"A";"TB2";"195986.39475948"
"2023";"A";"FGK";"195986.39475948"
"2023";"A";"OH1";"887.1485847"
"2023";"A";"US1";"142069.19392633"
"2023";"A";"UA";"30799.1915279"
"2023";"A";"T7";"724375.85926392"
"2023";"A";"G";"57817.65746398"
"2023";"A";"RIWF";"1885.2142453"
"2023";"A";"S1";"10901.77789203"
"2023";"A";"T8";"654173.2705205"
"2023";"A";"W";"634896.01668691"
"2023";"A";"BE";"19277.25383359"
"2023";"A";"U";"-402.06085789"
"2023";"P";"T0";"4170579.41821753"
"2023";"P";"T1";"1513661.49065317"
"2023";"P";"B0";"932474.81586661"
"2023";"P";"K0";"581186.67478656"
"2023";"P";"T2";"1449632.59594193"
"2023";"P";"S0T";"223820.24182993"
"2023";"P";"STK";"66167.50896224"
"2023";"P";"STL";"157652.73286769"
"2023";"P";"T3";"1225812.354112"
"2023";"P";"A";"1141179.852112"
"2023";"P";"K1";"84632.502"
"2023";"P";"D";"93725.88442617"
"2023";"P";"T4";"1113559.44719627"
"2023";"P";"T5";"689537.48411662"
"2023";"P";"N0";"58916.00814605"
"2023";"P";"TB1";"627688.72897057"
"2023";"P";"VGB";"394313.82510379"
"2023";"P";"VGK";"219974.12841533"
"2023";"P";"OH0";
"2023";"P";"US0";"2932.747"
"2023";"P";"T6";"276282.67339467"
"2023";"P";"N1";
"2023";"P";"OH1";"77.4116071"
"2023";"P";"US1";"276205.26178757"
"2023";"P";"UP";"147739.28968498"
"2023";"N";"T0";"794829.04220371"
"2023";"N";"T1";"325550.11514934"
"2023";"N";"T2";"52733.67763242"
"2023";"N";"D";"1568.05977286"
"2023";"N";"T4";"-309398.66961483"
"2023";"N";"T7";"724375.85926392"
"2024";"A";"T0";"5270374.21346743"
"2024";"A";"T1";"1865496.94521658"
"2024";"A";"B0";"1289292.18119265"
"2024";"A";"K0";"576204.76402392"
"2024";"A";"T2";"1685617.50715926"
"2024";"A";"S0T";"682250.51978713"
"2024";"A";"STK";"79218.11174467"
"2024";"A";"STL";"603032.40804246"
"2024";"A";"T3";"1003366.98737213"
"2024";"A";"A";"544791.61537213"
"2024";"A";"K1";"458575.372"
"2024";"A";"D";"95608.31693632"
"2024";"A";"T4";"801084.71985387"
"2024";"A";"T5";"459893.71355585"
"2024";"A";"N0";"23287.11867143"
"2024";"A";"TB1";"243433.06663303"
"2024";"A";"FGB";"179654.31499976"
"2024";"A";"OH0";"7.66001828"
"2024";"A";"US0";"193165.86823311"
"2024";"A";"T6";"348636.08677705"
"2024";"A";"N1";"1595.86644982"
"2024";"A";"TB2";"200034.48877629"
"2024";"A";"FGK";"200034.48877629"
"2024";"A";"OH1";"861.25609502"
"2024";"A";"US1";"146144.47545592"
"2024";"A";"UA";"-7445.08047903"
"2024";"A";"T7";"822566.7243014"
"2024";"A";"G";"79047.81104774"
"2024";"A";"RIWF";"1715.27957735"
"2024";"A";"S1";"10944.38375498"
"2024";"A";"T8";"730873.44921989"
"2024";"A";"W";"711748.20167064"
"2024";"A";"BE";"19125.24754925"
"2024";"A";"U";"-14.19929856"
"2024";"P";"T0";"4230334.24293436"
"2024";"P";"T1";"1430863.62425317"
"2024";"P";"B0";"868789.31240759"
"2024";"P";"K0";"562074.31184558"
"2024";"P";"T2";"1500152.06593512"
"2024";"P";"S0T";"218998.89153762"
"2024";"P";"STK";"48824.72941256"
"2024";"P";"STL";"170174.16212506"
"2024";"P";"T3";"1281153.1743975"
"2024";"P";"A";"1177432.2793975"
"2024";"P";"K1";"103720.895"
"2024";"P";"D";"91904.77503544"
"2024";"P";"T4";"1207413.77771062"
"2024";"P";"T5";"758866.949959"
"2024";"P";"N0";"88512.45969083"
"2024";"P";"TB1";"667668.50326817"
"2024";"P";"VGB";"431996.25570118"
"2024";"P";"VGK";"222604.77739779"
"2024";"P";"OH0";
"2024";"P";"US0";"2685.987"
"2024";"P";"T6";"298373.84699104"
"2024";"P";"N1";
"2024";"P";"OH1";"79.65584588"
"2024";"P";"US1";"298294.19114516"
"2024";"P";"UP";"150172.98076058"
"2024";"N";"T0";"1040039.97053307"
"2024";"N";"T1";"434633.3209634"
"2024";"N";"T2";"185465.44122414"
"2024";"N";"D";"3703.54190088"
"2024";"N";"T4";"-406329.05785675"
"2024";"N";"T7";"822566.7243014"
